[2026-05-11 15:01:29,904] INFO Kafka Connect stopping (org.apache.kafka.connect.runtime.Connect:87)
[2026-05-11 15:01:29,929] INFO Stopping REST server (org.apache.kafka.connect.runtime.rest.RestServer:358)
[2026-05-11 15:01:29,954] INFO Stopped http_8083@48cd9a2c{HTTP/1.1, (http/1.1)}{0.0.0.0:8083} (org.eclipse.jetty.server.AbstractConnector:383)
[2026-05-11 15:01:29,956] INFO node0 Stopped scavenging (org.eclipse.jetty.server.session:149)
[2026-05-11 15:01:29,993] INFO Stopped o.e.j.s.ServletContextHandler@1442f788{/,null,STOPPED} (org.eclipse.jetty.server.handler.ContextHandler:1159)
[2026-05-11 15:01:29,996] INFO REST server stopped (org.apache.kafka.connect.runtime.rest.RestServer:387)
[2026-05-11 15:01:29,997] INFO Herder stopping (org.apache.kafka.connect.runtime.standalone.StandaloneHerder:119)
[2026-05-11 15:01:30,000] INFO [config-demo-source|task-0] Stopping task config-demo-source-0 (org.apache.kafka.connect.runtime.Worker:1048)
[2026-05-11 15:01:30,786] INFO [config-demo-source|task-0] [Producer clientId=connector-producer-config-demo-source-0] Closing the Kafka producer with timeoutMillis = 30000 ms. (org.apache.kafka.clients.producer.KafkaProducer:1386)
[2026-05-11 15:01:30,800] INFO [config-demo-source|task-0] Metrics scheduler closed (org.apache.kafka.common.metrics.Metrics:685)
[2026-05-11 15:01:30,802] INFO [config-demo-source|task-0] Closing reporter org.apache.kafka.common.metrics.JmxReporter (org.apache.kafka.common.metrics.Metrics:689)
[2026-05-11 15:01:30,802] INFO [config-demo-source|task-0] Closing reporter org.apache.kafka.common.telemetry.internals.ClientTelemetryReporter (org.apache.kafka.common.metrics.Metrics:689)
[2026-05-11 15:01:30,803] INFO [config-demo-source|task-0] Metrics reporters closed (org.apache.kafka.common.metrics.Metrics:695)
[2026-05-11 15:01:30,806] INFO [config-demo-source|task-0] App info kafka.producer for connector-producer-config-demo-source-0 unregistered (org.apache.kafka.common.utils.AppInfoParser:89)
[2026-05-11 15:01:30,819] INFO [config-demo-source|worker] Stopping connector config-demo-source (org.apache.kafka.connect.runtime.Worker:452)
[2026-05-11 15:01:30,819] INFO [config-demo-source|worker] Scheduled shutdown for WorkerConnector{id=config-demo-source} (org.apache.kafka.connect.runtime.WorkerConnector:295)
[2026-05-11 15:01:30,821] INFO [config-demo-source|worker] Completed shutdown for WorkerConnector{id=config-demo-source} (org.apache.kafka.connect.runtime.WorkerConnector:315)
[2026-05-11 15:01:30,823] INFO Worker stopping (org.apache.kafka.connect.runtime.Worker:250)
[2026-05-11 15:01:30,826] INFO Stopped FileOffsetBackingStore (org.apache.kafka.connect.storage.FileOffsetBackingStore:72)
[2026-05-11 15:01:30,828] INFO Metrics scheduler closed (org.apache.kafka.common.metrics.Metrics:685)
[2026-05-11 15:01:30,829] INFO Closing reporter org.apache.kafka.common.metrics.JmxReporter (org.apache.kafka.common.metrics.Metrics:689)
[2026-05-11 15:01:30,830] INFO Metrics reporters closed (org.apache.kafka.common.metrics.Metrics:695)
[2026-05-11 15:01:30,830] INFO App info kafka.connect for 127.0.1.1:8083 unregistered (org.apache.kafka.common.utils.AppInfoParser:89)
[2026-05-11 15:01:30,831] INFO Worker stopped (org.apache.kafka.connect.runtime.Worker:271)
[2026-05-11 15:01:30,833] INFO Herder stopped (org.apache.kafka.connect.runtime.standalone.StandaloneHerder:130)
[2026-05-11 15:01:30,834] INFO Kafka Connect stopped (org.apache.kafka.connect.runtime.Connect:92)
[2026-05-11 15:08:00,893] INFO Kafka Connect worker initializing ... (org.apache.kafka.connect.cli.AbstractConnectCli:114)
[2026-05-11 15:08:00,901] INFO WorkerInfo values: 
	jvm.args = -Xms256M, -Xmx2G, -XX:+UseG1GC, -XX:MaxGCPauseMillis=20, -XX:InitiatingHeapOccupancyPercent=35, -XX:+ExplicitGCInvokesConcurrent, -XX:MaxInlineLevel=15, -Djava.awt.headless=true, -Dcom.sun.management.jmxremote=true, -Dcom.sun.management.jmxremote.authenticate=false, -Dcom.sun.management.jmxremote.ssl=false, -Dkafka.logs.dir=/mnt/c/Users/ankur/Downloads/Kafka/kafka_2.13-3.9.2/bin/../logs, -Dlog4j.configuration=file:bin/../config/connect-log4j.properties
	jvm.spec = Ubuntu, OpenJDK 64-Bit Server VM, 11.0.30, 11.0.30+7-post-Ubuntu-1ubuntu122.04
	jvm.classpath = /mnt/c/Users/ankur/Downloads/Kafka/kafka_2.13-3.9.2/bin/../libs/activation-1.1.1.jar:/mnt/c/Users/ankur/Downloads/Kafka/kafka_2.13-3.9.2/bin/../libs/aopalliance-repackaged-2.6.1.jar:/mnt/c/Users/ankur/Downloads/Kafka/kafka_2.13-3.9.2/bin/../libs/argparse4j-0.7.0.jar:/mnt/c/Users/ankur/Downloads/Kafka/kafka_2.13-3.9.2/bin/../libs/audience-annotations-0.12.0.jar:/mnt/c/Users/ankur/Downloads/Kafka/kafka_2.13-3.9.2/bin/../libs/caffeine-2.9.3.jar:/mnt/c/Users/ankur/Downloads/Kafka/kafka_2.13-3.9.2/bin/../libs/commons-beanutils-1.11.0.jar:/mnt/c/Users/ankur/Downloads/Kafka/kafka_2.13-3.9.2/bin/../libs/commons-cli-1.4.jar:/mnt/c/Users/ankur/Downloads/Kafka/kafka_2.13-3.9.2/bin/../libs/commons-collections-3.2.2.jar:/mnt/c/Users/ankur/Downloads/Kafka/kafka_2.13-3.9.2/bin/../libs/commons-digester-2.1.jar:/mnt/c/Users/ankur/Downloads/Kafka/kafka_2.13-3.9.2/bin/../libs/commons-io-2.14.0.jar:/mnt/c/Users/ankur/Downloads/Kafka/kafka_2.13-3.9.2/bin/../libs/commons-lang3-3.18.0.jar:/mnt/c/Users/ankur/Downloads/Kafka/kafka_2.13-3.9.2/bin/../libs/commons-logging-1.3.5.jar:/mnt/c/Users/ankur/Downloads/Kafka/kafka_2.13-3.9.2/bin/../libs/commons-validator-1.10.1.jar:/mnt/c/Users/ankur/Downloads/Kafka/kafka_2.13-3.9.2/bin/../libs/connect-api-3.9.2.jar:/mnt/c/Users/ankur/Downloads/Kafka/kafka_2.13-3.9.2/bin/../libs/connect-basic-auth-extension-3.9.2.jar:/mnt/c/Users/ankur/Downloads/Kafka/kafka_2.13-3.9.2/bin/../libs/connect-json-3.9.2.jar:/mnt/c/Users/ankur/Downloads/Kafka/kafka_2.13-3.9.2/bin/../libs/connect-mirror-3.9.2.jar:/mnt/c/Users/ankur/Downloads/Kafka/kafka_2.13-3.9.2/bin/../libs/connect-mirror-client-3.9.2.jar:/mnt/c/Users/ankur/Downloads/Kafka/kafka_2.13-3.9.2/bin/../libs/connect-runtime-3.9.2.jar:/mnt/c/Users/ankur/Downloads/Kafka/kafka_2.13-3.9.2/bin/../libs/connect-transforms-3.9.2.jar:/mnt/c/Users/ankur/Downloads/Kafka/kafka_2.13-3.9.2/bin/../libs/error_prone_annotations-2.10.0.jar:/mnt/c/Users/ankur/Downloads/Kafka/kafka_2.13-3.9.2/bin/../libs/hk2-api-2.6.1.jar:/mnt/c/Users/ankur/Downloads/Kafka/kafka_2.13-3.9.2/bin/../libs/hk2-locator-2.6.1.jar:/mnt/c/Users/ankur/Downloads/Kafka/kafka_2.13-3.9.2/bin/../libs/hk2-utils-2.6.1.jar:/mnt/c/Users/ankur/Downloads/Kafka/kafka_2.13-3.9.2/bin/../libs/jackson-annotations-2.16.2.jar:/mnt/c/Users/ankur/Downloads/Kafka/kafka_2.13-3.9.2/bin/../libs/jackson-core-2.16.2.jar:/mnt/c/Users/ankur/Downloads/Kafka/kafka_2.13-3.9.2/bin/../libs/jackson-databind-2.16.2.jar:/mnt/c/Users/ankur/Downloads/Kafka/kafka_2.13-3.9.2/bin/../libs/jackson-dataformat-csv-2.16.2.jar:/mnt/c/Users/ankur/Downloads/Kafka/kafka_2.13-3.9.2/bin/../libs/jackson-datatype-jdk8-2.16.2.jar:/mnt/c/Users/ankur/Downloads/Kafka/kafka_2.13-3.9.2/bin/../libs/jackson-jaxrs-base-2.16.2.jar:/mnt/c/Users/ankur/Downloads/Kafka/kafka_2.13-3.9.2/bin/../libs/jackson-jaxrs-json-provider-2.16.2.jar:/mnt/c/Users/ankur/Downloads/Kafka/kafka_2.13-3.9.2/bin/../libs/jackson-module-afterburner-2.16.2.jar:/mnt/c/Users/ankur/Downloads/Kafka/kafka_2.13-3.9.2/bin/../libs/jackson-module-jaxb-annotations-2.16.2.jar:/mnt/c/Users/ankur/Downloads/Kafka/kafka_2.13-3.9.2/bin/../libs/jackson-module-scala_2.13-2.16.2.jar:/mnt/c/Users/ankur/Downloads/Kafka/kafka_2.13-3.9.2/bin/../libs/jakarta.activation-api-1.2.2.jar:/mnt/c/Users/ankur/Downloads/Kafka/kafka_2.13-3.9.2/bin/../libs/jakarta.annotation-api-1.3.5.jar:/mnt/c/Users/ankur/Downloads/Kafka/kafka_2.13-3.9.2/bin/../libs/jakarta.inject-2.6.1.jar:/mnt/c/Users/ankur/Downloads/Kafka/kafka_2.13-3.9.2/bin/../libs/jakarta.validation-api-2.0.2.jar:/mnt/c/Users/ankur/Downloads/Kafka/kafka_2.13-3.9.2/bin/../libs/jakarta.ws.rs-api-2.1.6.jar:/mnt/c/Users/ankur/Downloads/Kafka/kafka_2.13-3.9.2/bin/../libs/jakarta.xml.bind-api-2.3.3.jar:/mnt/c/Users/ankur/Downloads/Kafka/kafka_2.13-3.9.2/bin/../libs/javassist-3.29.2-GA.jar:/mnt/c/Users/ankur/Downloads/Kafka/kafka_2.13-3.9.2/bin/../libs/javax.activation-api-1.2.0.jar:/mnt/c/Users/ankur/Downloads/Kafka/kafka_2.13-3.9.2/bin/../libs/javax.annotation-api-1.3.2.jar:/mnt/c/Users/ankur/Downloads/Kafka/kafka_2.13-3.9.2/bin/../libs/javax.servlet-api-3.1.0.jar:/mnt/c/Users/ankur/Downloads/Kafka/kafka_2.13-3.9.2/bin/../libs/javax.ws.rs-api-2.1.1.jar:/mnt/c/Users/ankur/Downloads/Kafka/kafka_2.13-3.9.2/bin/../libs/jaxb-api-2.3.1.jar:/mnt/c/Users/ankur/Downloads/Kafka/kafka_2.13-3.9.2/bin/../libs/jersey-client-2.47.jar:/mnt/c/Users/ankur/Downloads/Kafka/kafka_2.13-3.9.2/bin/../libs/jersey-common-2.47.jar:/mnt/c/Users/ankur/Downloads/Kafka/kafka_2.13-3.9.2/bin/../libs/jersey-container-servlet-2.47.jar:/mnt/c/Users/ankur/Downloads/Kafka/kafka_2.13-3.9.2/bin/../libs/jersey-container-servlet-core-2.47.jar:/mnt/c/Users/ankur/Downloads/Kafka/kafka_2.13-3.9.2/bin/../libs/jersey-hk2-2.47.jar:/mnt/c/Users/ankur/Downloads/Kafka/kafka_2.13-3.9.2/bin/../libs/jersey-server-2.47.jar:/mnt/c/Users/ankur/Downloads/Kafka/kafka_2.13-3.9.2/bin/../libs/jetty-client-9.4.57.v20241219.jar:/mnt/c/Users/ankur/Downloads/Kafka/kafka_2.13-3.9.2/bin/../libs/jetty-continuation-9.4.57.v20241219.jar:/mnt/c/Users/ankur/Downloads/Kafka/kafka_2.13-3.9.2/bin/../libs/jetty-http-9.4.57.v20241219.jar:/mnt/c/Users/ankur/Downloads/Kafka/kafka_2.13-3.9.2/bin/../libs/jetty-io-9.4.57.v20241219.jar:/mnt/c/Users/ankur/Downloads/Kafka/kafka_2.13-3.9.2/bin/../libs/jetty-security-9.4.57.v20241219.jar:/mnt/c/Users/ankur/Downloads/Kafka/kafka_2.13-3.9.2/bin/../libs/jetty-server-9.4.57.v20241219.jar:/mnt/c/Users/ankur/Downloads/Kafka/kafka_2.13-3.9.2/bin/../libs/jetty-servlet-9.4.57.v20241219.jar:/mnt/c/Users/ankur/Downloads/Kafka/kafka_2.13-3.9.2/bin/../libs/jetty-servlets-9.4.57.v20241219.jar:/mnt/c/Users/ankur/Downloads/Kafka/kafka_2.13-3.9.2/bin/../libs/jetty-util-9.4.57.v20241219.jar:/mnt/c/Users/ankur/Downloads/Kafka/kafka_2.13-3.9.2/bin/../libs/jetty-util-ajax-9.4.57.v20241219.jar:/mnt/c/Users/ankur/Downloads/Kafka/kafka_2.13-3.9.2/bin/../libs/jline-3.25.1.jar:/mnt/c/Users/ankur/Downloads/Kafka/kafka_2.13-3.9.2/bin/../libs/jopt-simple-5.0.4.jar:/mnt/c/Users/ankur/Downloads/Kafka/kafka_2.13-3.9.2/bin/../libs/jose4j-0.9.6.jar:/mnt/c/Users/ankur/Downloads/Kafka/kafka_2.13-3.9.2/bin/../libs/jsr305-3.0.2.jar:/mnt/c/Users/ankur/Downloads/Kafka/kafka_2.13-3.9.2/bin/../libs/kafka-clients-3.9.2.jar:/mnt/c/Users/ankur/Downloads/Kafka/kafka_2.13-3.9.2/bin/../libs/kafka-group-coordinator-3.9.2.jar:/mnt/c/Users/ankur/Downloads/Kafka/kafka_2.13-3.9.2/bin/../libs/kafka-group-coordinator-api-3.9.2.jar:/mnt/c/Users/ankur/Downloads/Kafka/kafka_2.13-3.9.2/bin/../libs/kafka-metadata-3.9.2.jar:/mnt/c/Users/ankur/Downloads/Kafka/kafka_2.13-3.9.2/bin/../libs/kafka-raft-3.9.2.jar:/mnt/c/Users/ankur/Downloads/Kafka/kafka_2.13-3.9.2/bin/../libs/kafka-server-3.9.2.jar:/mnt/c/Users/ankur/Downloads/Kafka/kafka_2.13-3.9.2/bin/../libs/kafka-server-common-3.9.2.jar:/mnt/c/Users/ankur/Downloads/Kafka/kafka_2.13-3.9.2/bin/../libs/kafka-shell-3.9.2.jar:/mnt/c/Users/ankur/Downloads/Kafka/kafka_2.13-3.9.2/bin/../libs/kafka-storage-3.9.2.jar:/mnt/c/Users/ankur/Downloads/Kafka/kafka_2.13-3.9.2/bin/../libs/kafka-storage-api-3.9.2.jar:/mnt/c/Users/ankur/Downloads/Kafka/kafka_2.13-3.9.2/bin/../libs/kafka-streams-3.9.2.jar:/mnt/c/Users/ankur/Downloads/Kafka/kafka_2.13-3.9.2/bin/../libs/kafka-streams-examples-3.9.2.jar:/mnt/c/Users/ankur/Downloads/Kafka/kafka_2.13-3.9.2/bin/../libs/kafka-streams-scala_2.13-3.9.2.jar:/mnt/c/Users/ankur/Downloads/Kafka/kafka_2.13-3.9.2/bin/../libs/kafka-streams-test-utils-3.9.2.jar:/mnt/c/Users/ankur/Downloads/Kafka/kafka_2.13-3.9.2/bin/../libs/kafka-tools-3.9.2.jar:/mnt/c/Users/ankur/Downloads/Kafka/kafka_2.13-3.9.2/bin/../libs/kafka-tools-api-3.9.2.jar:/mnt/c/Users/ankur/Downloads/Kafka/kafka_2.13-3.9.2/bin/../libs/kafka-transaction-coordinator-3.9.2.jar:/mnt/c/Users/ankur/Downloads/Kafka/kafka_2.13-3.9.2/bin/../libs/kafka_2.13-3.9.2.jar:/mnt/c/Users/ankur/Downloads/Kafka/kafka_2.13-3.9.2/bin/../libs/lz4-java-1.10.1.jar:/mnt/c/Users/ankur/Downloads/Kafka/kafka_2.13-3.9.2/bin/../libs/maven-artifact-3.9.6.jar:/mnt/c/Users/ankur/Downloads/Kafka/kafka_2.13-3.9.2/bin/../libs/metrics-core-2.2.0.jar:/mnt/c/Users/ankur/Downloads/Kafka/kafka_2.13-3.9.2/bin/../libs/metrics-core-4.1.12.1.jar:/mnt/c/Users/ankur/Downloads/Kafka/kafka_2.13-3.9.2/bin/../libs/netty-buffer-4.1.125.Final.jar:/mnt/c/Users/ankur/Downloads/Kafka/kafka_2.13-3.9.2/bin/../libs/netty-codec-4.1.125.Final.jar:/mnt/c/Users/ankur/Downloads/Kafka/kafka_2.13-3.9.2/bin/../libs/netty-common-4.1.125.Final.jar:/mnt/c/Users/ankur/Downloads/Kafka/kafka_2.13-3.9.2/bin/../libs/netty-handler-4.1.125.Final.jar:/mnt/c/Users/ankur/Downloads/Kafka/kafka_2.13-3.9.2/bin/../libs/netty-resolver-4.1.125.Final.jar:/mnt/c/Users/ankur/Downloads/Kafka/kafka_2.13-3.9.2/bin/../libs/netty-transport-4.1.125.Final.jar:/mnt/c/Users/ankur/Downloads/Kafka/kafka_2.13-3.9.2/bin/../libs/netty-transport-classes-epoll-4.1.125.Final.jar:/mnt/c/Users/ankur/Downloads/Kafka/kafka_2.13-3.9.2/bin/../libs/netty-transport-native-epoll-4.1.125.Final.jar:/mnt/c/Users/ankur/Downloads/Kafka/kafka_2.13-3.9.2/bin/../libs/netty-transport-native-unix-common-4.1.125.Final.jar:/mnt/c/Users/ankur/Downloads/Kafka/kafka_2.13-3.9.2/bin/../libs/opentelemetry-proto-1.0.0-alpha.jar:/mnt/c/Users/ankur/Downloads/Kafka/kafka_2.13-3.9.2/bin/../libs/osgi-resource-locator-1.0.3.jar:/mnt/c/Users/ankur/Downloads/Kafka/kafka_2.13-3.9.2/bin/../libs/paranamer-2.8.jar:/mnt/c/Users/ankur/Downloads/Kafka/kafka_2.13-3.9.2/bin/../libs/pcollections-4.0.1.jar:/mnt/c/Users/ankur/Downloads/Kafka/kafka_2.13-3.9.2/bin/../libs/plexus-utils-3.5.1.jar:/mnt/c/Users/ankur/Downloads/Kafka/kafka_2.13-3.9.2/bin/../libs/protobuf-java-3.25.5.jar:/mnt/c/Users/ankur/Downloads/Kafka/kafka_2.13-3.9.2/bin/../libs/reflections-0.10.2.jar:/mnt/c/Users/ankur/Downloads/Kafka/kafka_2.13-3.9.2/bin/../libs/reload4j-1.2.25.jar:/mnt/c/Users/ankur/Downloads/Kafka/kafka_2.13-3.9.2/bin/../libs/rocksdbjni-7.9.2.jar:/mnt/c/Users/ankur/Downloads/Kafka/kafka_2.13-3.9.2/bin/../libs/scala-collection-compat_2.13-2.10.0.jar:/mnt/c/Users/ankur/Downloads/Kafka/kafka_2.13-3.9.2/bin/../libs/scala-java8-compat_2.13-1.0.2.jar:/mnt/c/Users/ankur/Downloads/Kafka/kafka_2.13-3.9.2/bin/../libs/scala-library-2.13.15.jar:/mnt/c/Users/ankur/Downloads/Kafka/kafka_2.13-3.9.2/bin/../libs/scala-logging_2.13-3.9.5.jar:/mnt/c/Users/ankur/Downloads/Kafka/kafka_2.13-3.9.2/bin/../libs/scala-reflect-2.13.15.jar:/mnt/c/Users/ankur/Downloads/Kafka/kafka_2.13-3.9.2/bin/../libs/slf4j-api-1.7.36.jar:/mnt/c/Users/ankur/Downloads/Kafka/kafka_2.13-3.9.2/bin/../libs/slf4j-reload4j-1.7.36.jar:/mnt/c/Users/ankur/Downloads/Kafka/kafka_2.13-3.9.2/bin/../libs/snappy-java-1.1.10.5.jar:/mnt/c/Users/ankur/Downloads/Kafka/kafka_2.13-3.9.2/bin/../libs/swagger-annotations-2.2.8.jar:/mnt/c/Users/ankur/Downloads/Kafka/kafka_2.13-3.9.2/bin/../libs/trogdor-3.9.2.jar:/mnt/c/Users/ankur/Downloads/Kafka/kafka_2.13-3.9.2/bin/../libs/zookeeper-3.8.4.jar:/mnt/c/Users/ankur/Downloads/Kafka/kafka_2.13-3.9.2/bin/../libs/zookeeper-jute-3.8.4.jar:/mnt/c/Users/ankur/Downloads/Kafka/kafka_2.13-3.9.2/bin/../libs/zstd-jni-1.5.6-4.jar
	os.spec = Linux, amd64, 6.6.87.2-microsoft-standard-WSL2
	os.vcpus = 12
 (org.apache.kafka.connect.runtime.WorkerInfo:72)
[2026-05-11 15:08:00,903] INFO Scanning for plugin classes. This might take a moment ... (org.apache.kafka.connect.cli.AbstractConnectCli:120)
[2026-05-11 15:08:01,110] INFO Loading plugin from: /mnt/c/Users/ankur/Downloads/Kafka/kafka_2.13-3.9.2/plugins/connect-file-3.9.2.jar (org.apache.kafka.connect.runtime.isolation.PluginScanner:75)
[2026-05-11 15:08:01,726] INFO Registered loader: PluginClassLoader{pluginLocation=file:/mnt/c/Users/ankur/Downloads/Kafka/kafka_2.13-3.9.2/plugins/connect-file-3.9.2.jar} (org.apache.kafka.connect.runtime.isolation.PluginScanner:80)
[2026-05-11 15:08:01,728] INFO Loading plugin from: classpath (org.apache.kafka.connect.runtime.isolation.PluginScanner:75)
[2026-05-11 15:08:01,758] INFO Registered loader: jdk.internal.loader.ClassLoaders$AppClassLoader@3d4eac69 (org.apache.kafka.connect.runtime.isolation.PluginScanner:80)
[2026-05-11 15:08:01,759] INFO Scanning plugins with ServiceLoaderScanner took 652 ms (org.apache.kafka.connect.runtime.isolation.PluginScanner:70)
[2026-05-11 15:08:01,763] INFO Loading plugin from: /mnt/c/Users/ankur/Downloads/Kafka/kafka_2.13-3.9.2/plugins/connect-file-3.9.2.jar (org.apache.kafka.connect.runtime.isolation.PluginScanner:75)
[2026-05-11 15:08:02,007] INFO Registered loader: PluginClassLoader{pluginLocation=file:/mnt/c/Users/ankur/Downloads/Kafka/kafka_2.13-3.9.2/plugins/connect-file-3.9.2.jar} (org.apache.kafka.connect.runtime.isolation.PluginScanner:80)
[2026-05-11 15:08:02,008] INFO Loading plugin from: classpath (org.apache.kafka.connect.runtime.isolation.PluginScanner:75)
[2026-05-11 15:08:08,997] INFO Registered loader: jdk.internal.loader.ClassLoaders$AppClassLoader@3d4eac69 (org.apache.kafka.connect.runtime.isolation.PluginScanner:80)
[2026-05-11 15:08:08,999] INFO Scanning plugins with ReflectionScanner took 7235 ms (org.apache.kafka.connect.runtime.isolation.PluginScanner:70)
[2026-05-11 15:08:09,003] WARN All plugins have ServiceLoader manifests, consider reconfiguring plugin.discovery=service_load (org.apache.kafka.connect.runtime.isolation.Plugins:106)
[2026-05-11 15:08:09,007] INFO Added plugin 'org.apache.kafka.connect.transforms.ReplaceField$Key' (org.apache.kafka.connect.runtime.isolation.DelegatingClassLoader:105)
[2026-05-11 15:08:09,008] INFO Added plugin 'org.apache.kafka.connect.transforms.Filter' (org.apache.kafka.connect.runtime.isolation.DelegatingClassLoader:105)
[2026-05-11 15:08:09,009] INFO Added plugin 'org.apache.kafka.connect.mirror.MirrorSourceConnector' (org.apache.kafka.connect.runtime.isolation.DelegatingClassLoader:105)
[2026-05-11 15:08:09,010] INFO Added plugin 'org.apache.kafka.connect.transforms.InsertField$Value' (org.apache.kafka.connect.runtime.isolation.DelegatingClassLoader:105)
[2026-05-11 15:08:09,013] INFO Added plugin 'org.apache.kafka.connect.converters.DoubleConverter' (org.apache.kafka.connect.runtime.isolation.DelegatingClassLoader:105)
[2026-05-11 15:08:09,014] INFO Added plugin 'org.apache.kafka.connect.connector.policy.AllConnectorClientConfigOverridePolicy' (org.apache.kafka.connect.runtime.isolation.DelegatingClassLoader:105)
[2026-05-11 15:08:09,015] INFO Added plugin 'org.apache.kafka.connect.connector.policy.PrincipalConnectorClientConfigOverridePolicy' (org.apache.kafka.connect.runtime.isolation.DelegatingClassLoader:105)
[2026-05-11 15:08:09,018] INFO Added plugin 'org.apache.kafka.connect.transforms.DropHeaders' (org.apache.kafka.connect.runtime.isolation.DelegatingClassLoader:105)
[2026-05-11 15:08:09,019] INFO Added plugin 'org.apache.kafka.connect.transforms.Cast$Key' (org.apache.kafka.connect.runtime.isolation.DelegatingClassLoader:105)
[2026-05-11 15:08:09,020] INFO Added plugin 'org.apache.kafka.connect.storage.SimpleHeaderConverter' (org.apache.kafka.connect.runtime.isolation.DelegatingClassLoader:105)
[2026-05-11 15:08:09,021] INFO Added plugin 'org.apache.kafka.connect.transforms.InsertHeader' (org.apache.kafka.connect.runtime.isolation.DelegatingClassLoader:105)
[2026-05-11 15:08:09,022] INFO Added plugin 'org.apache.kafka.common.config.provider.DirectoryConfigProvider' (org.apache.kafka.connect.runtime.isolation.DelegatingClassLoader:105)
[2026-05-11 15:08:09,023] INFO Added plugin 'org.apache.kafka.connect.transforms.Flatten$Key' (org.apache.kafka.connect.runtime.isolation.DelegatingClassLoader:105)
[2026-05-11 15:08:09,025] INFO Added plugin 'org.apache.kafka.connect.mirror.MirrorCheckpointConnector' (org.apache.kafka.connect.runtime.isolation.DelegatingClassLoader:105)
[2026-05-11 15:08:09,028] INFO Added plugin 'org.apache.kafka.connect.transforms.HeaderFrom$Value' (org.apache.kafka.connect.runtime.isolation.DelegatingClassLoader:105)
[2026-05-11 15:08:09,029] INFO Added plugin 'org.apache.kafka.connect.transforms.SetSchemaMetadata$Key' (org.apache.kafka.connect.runtime.isolation.DelegatingClassLoader:105)
[2026-05-11 15:08:09,030] INFO Added plugin 'org.apache.kafka.connect.transforms.predicates.TopicNameMatches' (org.apache.kafka.connect.runtime.isolation.DelegatingClassLoader:105)
[2026-05-11 15:08:09,032] INFO Added plugin 'org.apache.kafka.connect.transforms.ReplaceField$Value' (org.apache.kafka.connect.runtime.isolation.DelegatingClassLoader:105)
[2026-05-11 15:08:09,033] INFO Added plugin 'org.apache.kafka.connect.transforms.SetSchemaMetadata$Value' (org.apache.kafka.connect.runtime.isolation.DelegatingClassLoader:105)
[2026-05-11 15:08:09,034] INFO Added plugin 'org.apache.kafka.connect.converters.IntegerConverter' (org.apache.kafka.connect.runtime.isolation.DelegatingClassLoader:105)
[2026-05-11 15:08:09,035] INFO Added plugin 'org.apache.kafka.connect.transforms.predicates.RecordIsTombstone' (org.apache.kafka.connect.runtime.isolation.DelegatingClassLoader:105)
[2026-05-11 15:08:09,036] INFO Added plugin 'org.apache.kafka.connect.connector.policy.NoneConnectorClientConfigOverridePolicy' (org.apache.kafka.connect.runtime.isolation.DelegatingClassLoader:105)
[2026-05-11 15:08:09,038] INFO Added plugin 'org.apache.kafka.connect.converters.ByteArrayConverter' (org.apache.kafka.connect.runtime.isolation.DelegatingClassLoader:105)
[2026-05-11 15:08:09,038] INFO Added plugin 'org.apache.kafka.connect.transforms.Cast$Value' (org.apache.kafka.connect.runtime.isolation.DelegatingClassLoader:105)
[2026-05-11 15:08:09,039] INFO Added plugin 'org.apache.kafka.connect.transforms.Flatten$Value' (org.apache.kafka.connect.runtime.isolation.DelegatingClassLoader:105)
[2026-05-11 15:08:09,040] INFO Added plugin 'org.apache.kafka.connect.rest.basic.auth.extension.BasicAuthSecurityRestExtension' (org.apache.kafka.connect.runtime.isolation.DelegatingClassLoader:105)
[2026-05-11 15:08:09,042] INFO Added plugin 'org.apache.kafka.connect.transforms.ExtractField$Value' (org.apache.kafka.connect.runtime.isolation.DelegatingClassLoader:105)
[2026-05-11 15:08:09,043] INFO Added plugin 'org.apache.kafka.connect.transforms.TimestampConverter$Value' (org.apache.kafka.connect.runtime.isolation.DelegatingClassLoader:105)
[2026-05-11 15:08:09,044] INFO Added plugin 'org.apache.kafka.connect.converters.FloatConverter' (org.apache.kafka.connect.runtime.isolation.DelegatingClassLoader:105)
[2026-05-11 15:08:09,045] INFO Added plugin 'org.apache.kafka.connect.transforms.TimestampConverter$Key' (org.apache.kafka.connect.runtime.isolation.DelegatingClassLoader:105)
[2026-05-11 15:08:09,047] INFO Added plugin 'org.apache.kafka.connect.transforms.TimestampRouter' (org.apache.kafka.connect.runtime.isolation.DelegatingClassLoader:105)
[2026-05-11 15:08:09,049] INFO Added plugin 'org.apache.kafka.connect.transforms.RegexRouter' (org.apache.kafka.connect.runtime.isolation.DelegatingClassLoader:105)
[2026-05-11 15:08:09,050] INFO Added plugin 'org.apache.kafka.connect.transforms.HoistField$Value' (org.apache.kafka.connect.runtime.isolation.DelegatingClassLoader:105)
[2026-05-11 15:08:09,051] INFO Added plugin 'org.apache.kafka.connect.transforms.ValueToKey' (org.apache.kafka.connect.runtime.isolation.DelegatingClassLoader:105)
[2026-05-11 15:08:09,052] INFO Added plugin 'org.apache.kafka.connect.converters.LongConverter' (org.apache.kafka.connect.runtime.isolation.DelegatingClassLoader:105)
[2026-05-11 15:08:09,055] INFO Added plugin 'org.apache.kafka.common.config.provider.FileConfigProvider' (org.apache.kafka.connect.runtime.isolation.DelegatingClassLoader:105)
[2026-05-11 15:08:09,056] INFO Added plugin 'org.apache.kafka.connect.json.JsonConverter' (org.apache.kafka.connect.runtime.isolation.DelegatingClassLoader:105)
[2026-05-11 15:08:09,058] INFO Added plugin 'org.apache.kafka.connect.transforms.HeaderFrom$Key' (org.apache.kafka.connect.runtime.isolation.DelegatingClassLoader:105)
[2026-05-11 15:08:09,061] INFO Added plugin 'org.apache.kafka.connect.transforms.predicates.HasHeaderKey' (org.apache.kafka.connect.runtime.isolation.DelegatingClassLoader:105)
[2026-05-11 15:08:09,064] INFO Added plugin 'org.apache.kafka.connect.transforms.MaskField$Value' (org.apache.kafka.connect.runtime.isolation.DelegatingClassLoader:105)
[2026-05-11 15:08:09,066] INFO Added plugin 'org.apache.kafka.connect.file.FileStreamSourceConnector' (org.apache.kafka.connect.runtime.isolation.DelegatingClassLoader:105)
[2026-05-11 15:08:09,069] INFO Added plugin 'org.apache.kafka.common.config.provider.EnvVarConfigProvider' (org.apache.kafka.connect.runtime.isolation.DelegatingClassLoader:105)
[2026-05-11 15:08:09,072] INFO Added plugin 'org.apache.kafka.connect.storage.StringConverter' (org.apache.kafka.connect.runtime.isolation.DelegatingClassLoader:105)
[2026-05-11 15:08:09,074] INFO Added plugin 'org.apache.kafka.connect.transforms.MaskField$Key' (org.apache.kafka.connect.runtime.isolation.DelegatingClassLoader:105)
[2026-05-11 15:08:09,078] INFO Added plugin 'org.apache.kafka.connect.transforms.ExtractField$Key' (org.apache.kafka.connect.runtime.isolation.DelegatingClassLoader:105)
[2026-05-11 15:08:09,082] INFO Added plugin 'org.apache.kafka.connect.transforms.InsertField$Key' (org.apache.kafka.connect.runtime.isolation.DelegatingClassLoader:105)
[2026-05-11 15:08:09,085] INFO Added plugin 'org.apache.kafka.connect.file.FileStreamSinkConnector' (org.apache.kafka.connect.runtime.isolation.DelegatingClassLoader:105)
[2026-05-11 15:08:09,087] INFO Added plugin 'org.apache.kafka.connect.converters.BooleanConverter' (org.apache.kafka.connect.runtime.isolation.DelegatingClassLoader:105)
[2026-05-11 15:08:09,091] INFO Added plugin 'org.apache.kafka.connect.mirror.MirrorHeartbeatConnector' (org.apache.kafka.connect.runtime.isolation.DelegatingClassLoader:105)
[2026-05-11 15:08:09,095] INFO Added plugin 'org.apache.kafka.connect.transforms.HoistField$Key' (org.apache.kafka.connect.runtime.isolation.DelegatingClassLoader:105)
[2026-05-11 15:08:09,100] INFO Added plugin 'org.apache.kafka.connect.converters.ShortConverter' (org.apache.kafka.connect.runtime.isolation.DelegatingClassLoader:105)
[2026-05-11 15:08:09,114] INFO Added alias 'RecordIsTombstone' to plugin 'org.apache.kafka.connect.transforms.predicates.RecordIsTombstone' (org.apache.kafka.connect.runtime.isolation.DelegatingClassLoader:109)
[2026-05-11 15:08:09,115] INFO Added alias 'String' to plugin 'org.apache.kafka.connect.storage.StringConverter' (org.apache.kafka.connect.runtime.isolation.DelegatingClassLoader:109)
[2026-05-11 15:08:09,116] INFO Added alias 'FileStreamSource' to plugin 'org.apache.kafka.connect.file.FileStreamSourceConnector' (org.apache.kafka.connect.runtime.isolation.DelegatingClassLoader:109)
[2026-05-11 15:08:09,117] INFO Added alias 'EnvVar' to plugin 'org.apache.kafka.common.config.provider.EnvVarConfigProvider' (org.apache.kafka.connect.runtime.isolation.DelegatingClassLoader:109)
[2026-05-11 15:08:09,118] INFO Added alias 'EnvVarConfigProvider' to plugin 'org.apache.kafka.common.config.provider.EnvVarConfigProvider' (org.apache.kafka.connect.runtime.isolation.DelegatingClassLoader:109)
[2026-05-11 15:08:09,119] INFO Added alias 'MirrorCheckpointConnector' to plugin 'org.apache.kafka.connect.mirror.MirrorCheckpointConnector' (org.apache.kafka.connect.runtime.isolation.DelegatingClassLoader:109)
[2026-05-11 15:08:09,120] INFO Added alias 'Boolean' to plugin 'org.apache.kafka.connect.converters.BooleanConverter' (org.apache.kafka.connect.runtime.isolation.DelegatingClassLoader:109)
[2026-05-11 15:08:09,121] INFO Added alias 'Json' to plugin 'org.apache.kafka.connect.json.JsonConverter' (org.apache.kafka.connect.runtime.isolation.DelegatingClassLoader:109)
[2026-05-11 15:08:09,122] INFO Added alias 'StringConverter' to plugin 'org.apache.kafka.connect.storage.StringConverter' (org.apache.kafka.connect.runtime.isolation.DelegatingClassLoader:109)
[2026-05-11 15:08:09,123] INFO Added alias 'IntegerConverter' to plugin 'org.apache.kafka.connect.converters.IntegerConverter' (org.apache.kafka.connect.runtime.isolation.DelegatingClassLoader:109)
[2026-05-11 15:08:09,124] INFO Added alias 'Float' to plugin 'org.apache.kafka.connect.converters.FloatConverter' (org.apache.kafka.connect.runtime.isolation.DelegatingClassLoader:109)
[2026-05-11 15:08:09,127] INFO Added alias 'LongConverter' to plugin 'org.apache.kafka.connect.converters.LongConverter' (org.apache.kafka.connect.runtime.isolation.DelegatingClassLoader:109)
[2026-05-11 15:08:09,128] INFO Added alias 'DropHeaders' to plugin 'org.apache.kafka.connect.transforms.DropHeaders' (org.apache.kafka.connect.runtime.isolation.DelegatingClassLoader:109)
[2026-05-11 15:08:09,129] INFO Added alias 'SimpleHeaderConverter' to plugin 'org.apache.kafka.connect.storage.SimpleHeaderConverter' (org.apache.kafka.connect.runtime.isolation.DelegatingClassLoader:109)
[2026-05-11 15:08:09,130] INFO Added alias 'FileStreamSinkConnector' to plugin 'org.apache.kafka.connect.file.FileStreamSinkConnector' (org.apache.kafka.connect.runtime.isolation.DelegatingClassLoader:109)
[2026-05-11 15:08:09,132] INFO Added alias 'DirectoryConfigProvider' to plugin 'org.apache.kafka.common.config.provider.DirectoryConfigProvider' (org.apache.kafka.connect.runtime.isolation.DelegatingClassLoader:109)
[2026-05-11 15:08:09,133] INFO Added alias 'ShortConverter' to plugin 'org.apache.kafka.connect.converters.ShortConverter' (org.apache.kafka.connect.runtime.isolation.DelegatingClassLoader:109)
[2026-05-11 15:08:09,134] INFO Added alias 'BasicAuthSecurityRestExtension' to plugin 'org.apache.kafka.connect.rest.basic.auth.extension.BasicAuthSecurityRestExtension' (org.apache.kafka.connect.runtime.isolation.DelegatingClassLoader:109)
[2026-05-11 15:08:09,135] INFO Added alias 'Simple' to plugin 'org.apache.kafka.connect.storage.SimpleHeaderConverter' (org.apache.kafka.connect.runtime.isolation.DelegatingClassLoader:109)
[2026-05-11 15:08:09,136] INFO Added alias 'AllConnectorClientConfigOverridePolicy' to plugin 'org.apache.kafka.connect.connector.policy.AllConnectorClientConfigOverridePolicy' (org.apache.kafka.connect.runtime.isolation.DelegatingClassLoader:109)
[2026-05-11 15:08:09,137] INFO Added alias 'MirrorSource' to plugin 'org.apache.kafka.connect.mirror.MirrorSourceConnector' (org.apache.kafka.connect.runtime.isolation.DelegatingClassLoader:109)
[2026-05-11 15:08:09,138] INFO Added alias 'Directory' to plugin 'org.apache.kafka.common.config.provider.DirectoryConfigProvider' (org.apache.kafka.connect.runtime.isolation.DelegatingClassLoader:109)
[2026-05-11 15:08:09,139] INFO Added alias 'MirrorHeartbeat' to plugin 'org.apache.kafka.connect.mirror.MirrorHeartbeatConnector' (org.apache.kafka.connect.runtime.isolation.DelegatingClassLoader:109)
[2026-05-11 15:08:09,140] INFO Added alias 'FileStreamSourceConnector' to plugin 'org.apache.kafka.connect.file.FileStreamSourceConnector' (org.apache.kafka.connect.runtime.isolation.DelegatingClassLoader:109)
[2026-05-11 15:08:09,141] INFO Added alias 'BooleanConverter' to plugin 'org.apache.kafka.connect.converters.BooleanConverter' (org.apache.kafka.connect.runtime.isolation.DelegatingClassLoader:109)
[2026-05-11 15:08:09,142] INFO Added alias 'HasHeaderKey' to plugin 'org.apache.kafka.connect.transforms.predicates.HasHeaderKey' (org.apache.kafka.connect.runtime.isolation.DelegatingClassLoader:109)
[2026-05-11 15:08:09,142] INFO Added alias 'MirrorCheckpoint' to plugin 'org.apache.kafka.connect.mirror.MirrorCheckpointConnector' (org.apache.kafka.connect.runtime.isolation.DelegatingClassLoader:109)
[2026-05-11 15:08:09,143] INFO Added alias 'None' to plugin 'org.apache.kafka.connect.connector.policy.NoneConnectorClientConfigOverridePolicy' (org.apache.kafka.connect.runtime.isolation.DelegatingClassLoader:109)
[2026-05-11 15:08:09,144] INFO Added alias 'TimestampRouter' to plugin 'org.apache.kafka.connect.transforms.TimestampRouter' (org.apache.kafka.connect.runtime.isolation.DelegatingClassLoader:109)
[2026-05-11 15:08:09,147] INFO Added alias 'Principal' to plugin 'org.apache.kafka.connect.connector.policy.PrincipalConnectorClientConfigOverridePolicy' (org.apache.kafka.connect.runtime.isolation.DelegatingClassLoader:109)
[2026-05-11 15:08:09,162] INFO Added alias 'All' to plugin 'org.apache.kafka.connect.connector.policy.AllConnectorClientConfigOverridePolicy' (org.apache.kafka.connect.runtime.isolation.DelegatingClassLoader:109)
[2026-05-11 15:08:09,165] INFO Added alias 'JsonConverter' to plugin 'org.apache.kafka.connect.json.JsonConverter' (org.apache.kafka.connect.runtime.isolation.DelegatingClassLoader:109)
[2026-05-11 15:08:09,166] INFO Added alias 'RegexRouter' to plugin 'org.apache.kafka.connect.transforms.RegexRouter' (org.apache.kafka.connect.runtime.isolation.DelegatingClassLoader:109)
[2026-05-11 15:08:09,168] INFO Added alias 'ByteArray' to plugin 'org.apache.kafka.connect.converters.ByteArrayConverter' (org.apache.kafka.connect.runtime.isolation.DelegatingClassLoader:109)
[2026-05-11 15:08:09,177] INFO Added alias 'NoneConnectorClientConfigOverridePolicy' to plugin 'org.apache.kafka.connect.connector.policy.NoneConnectorClientConfigOverridePolicy' (org.apache.kafka.connect.runtime.isolation.DelegatingClassLoader:109)
[2026-05-11 15:08:09,178] INFO Added alias 'Short' to plugin 'org.apache.kafka.connect.converters.ShortConverter' (org.apache.kafka.connect.runtime.isolation.DelegatingClassLoader:109)
[2026-05-11 15:08:09,185] INFO Added alias 'Double' to plugin 'org.apache.kafka.connect.converters.DoubleConverter' (org.apache.kafka.connect.runtime.isolation.DelegatingClassLoader:109)
[2026-05-11 15:08:09,187] INFO Added alias 'FileConfigProvider' to plugin 'org.apache.kafka.common.config.provider.FileConfigProvider' (org.apache.kafka.connect.runtime.isolation.DelegatingClassLoader:109)
[2026-05-11 15:08:09,188] INFO Added alias 'Long' to plugin 'org.apache.kafka.connect.converters.LongConverter' (org.apache.kafka.connect.runtime.isolation.DelegatingClassLoader:109)
[2026-05-11 15:08:09,191] INFO Added alias 'File' to plugin 'org.apache.kafka.common.config.provider.FileConfigProvider' (org.apache.kafka.connect.runtime.isolation.DelegatingClassLoader:109)
[2026-05-11 15:08:09,192] INFO Added alias 'FloatConverter' to plugin 'org.apache.kafka.connect.converters.FloatConverter' (org.apache.kafka.connect.runtime.isolation.DelegatingClassLoader:109)
[2026-05-11 15:08:09,193] INFO Added alias 'ByteArrayConverter' to plugin 'org.apache.kafka.connect.converters.ByteArrayConverter' (org.apache.kafka.connect.runtime.isolation.DelegatingClassLoader:109)
[2026-05-11 15:08:09,194] INFO Added alias 'FileStreamSink' to plugin 'org.apache.kafka.connect.file.FileStreamSinkConnector' (org.apache.kafka.connect.runtime.isolation.DelegatingClassLoader:109)
[2026-05-11 15:08:09,195] INFO Added alias 'DoubleConverter' to plugin 'org.apache.kafka.connect.converters.DoubleConverter' (org.apache.kafka.connect.runtime.isolation.DelegatingClassLoader:109)
[2026-05-11 15:08:09,197] INFO Added alias 'TopicNameMatches' to plugin 'org.apache.kafka.connect.transforms.predicates.TopicNameMatches' (org.apache.kafka.connect.runtime.isolation.DelegatingClassLoader:109)
[2026-05-11 15:08:09,199] INFO Added alias 'MirrorHeartbeatConnector' to plugin 'org.apache.kafka.connect.mirror.MirrorHeartbeatConnector' (org.apache.kafka.connect.runtime.isolation.DelegatingClassLoader:109)
[2026-05-11 15:08:09,201] INFO Added alias 'InsertHeader' to plugin 'org.apache.kafka.connect.transforms.InsertHeader' (org.apache.kafka.connect.runtime.isolation.DelegatingClassLoader:109)
[2026-05-11 15:08:09,203] INFO Added alias 'MirrorSourceConnector' to plugin 'org.apache.kafka.connect.mirror.MirrorSourceConnector' (org.apache.kafka.connect.runtime.isolation.DelegatingClassLoader:109)
[2026-05-11 15:08:09,204] INFO Added alias 'PrincipalConnectorClientConfigOverridePolicy' to plugin 'org.apache.kafka.connect.connector.policy.PrincipalConnectorClientConfigOverridePolicy' (org.apache.kafka.connect.runtime.isolation.DelegatingClassLoader:109)
[2026-05-11 15:08:09,207] INFO Added alias 'ValueToKey' to plugin 'org.apache.kafka.connect.transforms.ValueToKey' (org.apache.kafka.connect.runtime.isolation.DelegatingClassLoader:109)
[2026-05-11 15:08:09,209] INFO Added alias 'Integer' to plugin 'org.apache.kafka.connect.converters.IntegerConverter' (org.apache.kafka.connect.runtime.isolation.DelegatingClassLoader:109)
[2026-05-11 15:08:09,211] INFO Added alias 'Filter' to plugin 'org.apache.kafka.connect.transforms.Filter' (org.apache.kafka.connect.runtime.isolation.DelegatingClassLoader:109)
[2026-05-11 15:08:09,391] INFO DistributedConfig values: 
	access.control.allow.methods = 
	access.control.allow.origin = 
	admin.listeners = null
	auto.include.jmx.reporter = true
	bootstrap.servers = [localhost:9092]
	client.dns.lookup = use_all_dns_ips
	client.id = 
	config.providers = []
	config.storage.replication.factor = 1
	config.storage.topic = connect-configs
	connect.protocol = sessioned
	connections.max.idle.ms = 540000
	connector.client.config.override.policy = All
	exactly.once.source.support = disabled
	group.id = connect-cluster
	header.converter = class org.apache.kafka.connect.storage.SimpleHeaderConverter
	heartbeat.interval.ms = 3000
	inter.worker.key.generation.algorithm = HmacSHA256
	inter.worker.key.size = null
	inter.worker.key.ttl.ms = 3600000
	inter.worker.signature.algorithm = HmacSHA256
	inter.worker.verification.algorithms = [HmacSHA256]
	key.converter = class org.apache.kafka.connect.storage.StringConverter
	listeners = [http://:8083]
	metadata.max.age.ms = 300000
	metadata.recovery.strategy = none
	metric.reporters = []
	metrics.num.samples = 2
	metrics.recording.level = INFO
	metrics.sample.window.ms = 30000
	offset.flush.interval.ms = 60000
	offset.flush.timeout.ms = 5000
	offset.storage.partitions = 25
	offset.storage.replication.factor = 1
	offset.storage.topic = connect-offsets
	plugin.discovery = hybrid_warn
	plugin.path = [/mnt/c/Users/ankur/Downloads/Kafka/kafka_2.13-3.9.2/plugins]
	rebalance.timeout.ms = 60000
	receive.buffer.bytes = 32768
	reconnect.backoff.max.ms = 1000
	reconnect.backoff.ms = 50
	request.timeout.ms = 40000
	response.http.headers.config = 
	rest.advertised.host.name = null
	rest.advertised.listener = null
	rest.advertised.port = null
	rest.extension.classes = []
	retry.backoff.max.ms = 1000
	retry.backoff.ms = 100
	sasl.client.callback.handler.class = null
	sasl.jaas.config = null
	sasl.kerberos.kinit.cmd = /usr/bin/kinit
	sasl.kerberos.min.time.before.relogin = 60000
	sasl.kerberos.service.name = null
	sasl.kerberos.ticket.renew.jitter = 0.05
	sasl.kerberos.ticket.renew.window.factor = 0.8
	sasl.login.callback.handler.class = null
	sasl.login.class = null
	sasl.login.connect.timeout.ms = null
	sasl.login.read.timeout.ms = null
	sasl.login.refresh.buffer.seconds = 300
	sasl.login.refresh.min.period.seconds = 60
	sasl.login.refresh.window.factor = 0.8
	sasl.login.refresh.window.jitter = 0.05
	sasl.login.retry.backoff.max.ms = 10000
	sasl.login.retry.backoff.ms = 100
	sasl.mechanism = GSSAPI
	sasl.oauthbearer.clock.skew.seconds = 30
	sasl.oauthbearer.expected.audience = null
	sasl.oauthbearer.expected.issuer = null
	sasl.oauthbearer.header.urlencode = false
	sasl.oauthbearer.jwks.endpoint.refresh.ms = 3600000
	sasl.oauthbearer.jwks.endpoint.retry.backoff.max.ms = 10000
	sasl.oauthbearer.jwks.endpoint.retry.backoff.ms = 100
	sasl.oauthbearer.jwks.endpoint.url = null
	sasl.oauthbearer.scope.claim.name = scope
	sasl.oauthbearer.sub.claim.name = sub
	sasl.oauthbearer.token.endpoint.url = null
	scheduled.rebalance.max.delay.ms = 300000
	security.protocol = PLAINTEXT
	send.buffer.bytes = 131072
	session.timeout.ms = 10000
	socket.connection.setup.timeout.max.ms = 30000
	socket.connection.setup.timeout.ms = 10000
	ssl.cipher.suites = null
	ssl.client.auth = none
	ssl.enabled.protocols = [TLSv1.2, TLSv1.3]
	ssl.endpoint.identification.algorithm = https
	ssl.engine.factory.class = null
	ssl.key.password = null
	ssl.keymanager.algorithm = SunX509
	ssl.keystore.certificate.chain = null
	ssl.keystore.key = null
	ssl.keystore.location = null
	ssl.keystore.password = null
	ssl.keystore.type = JKS
	ssl.protocol = TLSv1.3
	ssl.provider = null
	ssl.secure.random.implementation = null
	ssl.trustmanager.algorithm = PKIX
	ssl.truststore.certificates = null
	ssl.truststore.location = null
	ssl.truststore.password = null
	ssl.truststore.type = JKS
	status.storage.partitions = 5
	status.storage.replication.factor = 1
	status.storage.topic = connect-status
	task.shutdown.graceful.timeout.ms = 5000
	topic.creation.enable = true
	topic.tracking.allow.reset = true
	topic.tracking.enable = true
	value.converter = class org.apache.kafka.connect.storage.StringConverter
	worker.sync.timeout.ms = 3000
	worker.unsync.backoff.ms = 300000
 (org.apache.kafka.connect.runtime.distributed.DistributedConfig:371)
[2026-05-11 15:08:09,394] INFO Creating Kafka admin client (org.apache.kafka.connect.runtime.WorkerConfig:281)
[2026-05-11 15:08:09,401] INFO AdminClientConfig values: 
	auto.include.jmx.reporter = true
	bootstrap.controllers = []
	bootstrap.servers = [localhost:9092]
	client.dns.lookup = use_all_dns_ips
	client.id = 
	connections.max.idle.ms = 300000
	default.api.timeout.ms = 60000
	enable.metrics.push = true
	metadata.max.age.ms = 300000
	metadata.recovery.strategy = none
	metric.reporters = []
	metrics.num.samples = 2
	metrics.recording.level = INFO
	metrics.sample.window.ms = 30000
	receive.buffer.bytes = 65536
	reconnect.backoff.max.ms = 1000
	reconnect.backoff.ms = 50
	request.timeout.ms = 30000
	retries = 2147483647
	retry.backoff.max.ms = 1000
	retry.backoff.ms = 100
	sasl.client.callback.handler.class = null
	sasl.jaas.config = null
	sasl.kerberos.kinit.cmd = /usr/bin/kinit
	sasl.kerberos.min.time.before.relogin = 60000
	sasl.kerberos.service.name = null
	sasl.kerberos.ticket.renew.jitter = 0.05
	sasl.kerberos.ticket.renew.window.factor = 0.8
	sasl.login.callback.handler.class = null
	sasl.login.class = null
	sasl.login.connect.timeout.ms = null
	sasl.login.read.timeout.ms = null
	sasl.login.refresh.buffer.seconds = 300
	sasl.login.refresh.min.period.seconds = 60
	sasl.login.refresh.window.factor = 0.8
	sasl.login.refresh.window.jitter = 0.05
	sasl.login.retry.backoff.max.ms = 10000
	sasl.login.retry.backoff.ms = 100
	sasl.mechanism = GSSAPI
	sasl.oauthbearer.clock.skew.seconds = 30
	sasl.oauthbearer.expected.audience = null
	sasl.oauthbearer.expected.issuer = null
	sasl.oauthbearer.header.urlencode = false
	sasl.oauthbearer.jwks.endpoint.refresh.ms = 3600000
	sasl.oauthbearer.jwks.endpoint.retry.backoff.max.ms = 10000
	sasl.oauthbearer.jwks.endpoint.retry.backoff.ms = 100
	sasl.oauthbearer.jwks.endpoint.url = null
	sasl.oauthbearer.scope.claim.name = scope
	sasl.oauthbearer.sub.claim.name = sub
	sasl.oauthbearer.token.endpoint.url = null
	security.protocol = PLAINTEXT
	security.providers = null
	send.buffer.bytes = 131072
	socket.connection.setup.timeout.max.ms = 30000
	socket.connection.setup.timeout.ms = 10000
	ssl.cipher.suites = null
	ssl.enabled.protocols = [TLSv1.2, TLSv1.3]
	ssl.endpoint.identification.algorithm = https
	ssl.engine.factory.class = null
	ssl.key.password = null
	ssl.keymanager.algorithm = SunX509
	ssl.keystore.certificate.chain = null
	ssl.keystore.key = null
	ssl.keystore.location = null
	ssl.keystore.password = null
	ssl.keystore.type = JKS
	ssl.protocol = TLSv1.3
	ssl.provider = null
	ssl.secure.random.implementation = null
	ssl.trustmanager.algorithm = PKIX
	ssl.truststore.certificates = null
	ssl.truststore.location = null
	ssl.truststore.password = null
	ssl.truststore.type = JKS
 (org.apache.kafka.clients.admin.AdminClientConfig:371)
[2026-05-11 15:08:09,627] INFO These configurations '[config.storage.topic, status.storage.topic, group.id, plugin.path, config.storage.replication.factor, key.converter.schemas.enable, status.storage.replication.factor, value.converter.schemas.enable, offset.storage.replication.factor, offset.storage.topic, value.converter, key.converter]' were supplied but are not used yet. (org.apache.kafka.clients.admin.AdminClientConfig:380)
[2026-05-11 15:08:09,629] INFO Kafka version: 3.9.2 (org.apache.kafka.common.utils.AppInfoParser:125)
[2026-05-11 15:08:09,630] INFO Kafka commitId: 5e9866f43ab8e7e4 (org.apache.kafka.common.utils.AppInfoParser:126)
[2026-05-11 15:08:09,631] INFO Kafka startTimeMs: 1778492289628 (org.apache.kafka.common.utils.AppInfoParser:127)
[2026-05-11 15:08:10,602] INFO Kafka cluster ID: ti3G0LYJQcK3B56AzdUxRQ (org.apache.kafka.connect.runtime.WorkerConfig:298)
[2026-05-11 15:08:10,604] INFO App info kafka.admin.client for adminclient-1 unregistered (org.apache.kafka.common.utils.AppInfoParser:89)
[2026-05-11 15:08:10,615] INFO Metrics scheduler closed (org.apache.kafka.common.metrics.Metrics:685)
[2026-05-11 15:08:10,616] INFO Closing reporter org.apache.kafka.common.metrics.JmxReporter (org.apache.kafka.common.metrics.Metrics:689)
[2026-05-11 15:08:10,617] INFO Metrics reporters closed (org.apache.kafka.common.metrics.Metrics:695)
[2026-05-11 15:08:10,654] INFO PublicConfig values: 
	access.control.allow.methods = 
	access.control.allow.origin = 
	admin.listeners = null
	listeners = [http://:8083]
	response.http.headers.config = 
	rest.advertised.host.name = null
	rest.advertised.listener = null
	rest.advertised.port = null
	rest.extension.classes = []
	ssl.cipher.suites = null
	ssl.client.auth = none
	ssl.enabled.protocols = [TLSv1.2, TLSv1.3]
	ssl.endpoint.identification.algorithm = https
	ssl.engine.factory.class = null
	ssl.key.password = null
	ssl.keymanager.algorithm = SunX509
	ssl.keystore.certificate.chain = null
	ssl.keystore.key = null
	ssl.keystore.location = null
	ssl.keystore.password = null
	ssl.keystore.type = JKS
	ssl.protocol = TLSv1.3
	ssl.provider = null
	ssl.secure.random.implementation = null
	ssl.trustmanager.algorithm = PKIX
	ssl.truststore.certificates = null
	ssl.truststore.location = null
	ssl.truststore.password = null
	ssl.truststore.type = JKS
	topic.tracking.allow.reset = true
	topic.tracking.enable = true
 (org.apache.kafka.connect.runtime.rest.RestServerConfig$PublicConfig:371)
[2026-05-11 15:08:10,714] INFO Logging initialized @11373ms to org.eclipse.jetty.util.log.Slf4jLog (org.eclipse.jetty.util.log:170)
[2026-05-11 15:08:10,924] INFO Added connector for http://:8083 (org.apache.kafka.connect.runtime.rest.RestServer:125)
[2026-05-11 15:08:10,925] INFO Initializing REST server (org.apache.kafka.connect.runtime.rest.RestServer:196)
[2026-05-11 15:08:10,960] INFO jetty-9.4.57.v20241219; built: 2025-01-08T21:24:30.412Z; git: df524e6b29271c2e09ba9aea83c18dc9db464a31; jvm 11.0.30+7-post-Ubuntu-1ubuntu122.04 (org.eclipse.jetty.server.Server:375)
[2026-05-11 15:08:11,018] INFO Started http_8083@1f7076bc{HTTP/1.1, (http/1.1)}{0.0.0.0:8083} (org.eclipse.jetty.server.AbstractConnector:333)
[2026-05-11 15:08:11,019] INFO Started @11679ms (org.eclipse.jetty.server.Server:415)
[2026-05-11 15:08:11,073] INFO Advertised URI: http://127.0.1.1:8083/ (org.apache.kafka.connect.runtime.rest.RestServer:416)
[2026-05-11 15:08:11,074] INFO REST server listening at http://127.0.1.1:8083/, advertising URL http://127.0.1.1:8083/ (org.apache.kafka.connect.runtime.rest.RestServer:216)
[2026-05-11 15:08:11,075] INFO Advertised URI: http://127.0.1.1:8083/ (org.apache.kafka.connect.runtime.rest.RestServer:416)
[2026-05-11 15:08:11,076] INFO REST admin endpoints at http://127.0.1.1:8083/ (org.apache.kafka.connect.runtime.rest.RestServer:219)
[2026-05-11 15:08:11,077] INFO Advertised URI: http://127.0.1.1:8083/ (org.apache.kafka.connect.runtime.rest.RestServer:416)
[2026-05-11 15:08:11,077] INFO Setting up All Policy for ConnectorClientConfigOverride. This will allow all client configurations to be overridden (org.apache.kafka.connect.connector.policy.AllConnectorClientConfigOverridePolicy:45)
[2026-05-11 15:08:11,088] INFO JsonConverterConfig values: 
	converter.type = key
	decimal.format = BASE64
	replace.null.with.default = true
	schemas.cache.size = 1000
	schemas.enable = false
 (org.apache.kafka.connect.json.JsonConverterConfig:371)
[2026-05-11 15:08:11,128] INFO Kafka version: 3.9.2 (org.apache.kafka.common.utils.AppInfoParser:125)
[2026-05-11 15:08:11,128] INFO Kafka commitId: 5e9866f43ab8e7e4 (org.apache.kafka.common.utils.AppInfoParser:126)
[2026-05-11 15:08:11,129] INFO Kafka startTimeMs: 1778492291128 (org.apache.kafka.common.utils.AppInfoParser:127)
[2026-05-11 15:08:11,145] INFO JsonConverterConfig values: 
	converter.type = key
	decimal.format = BASE64
	replace.null.with.default = true
	schemas.cache.size = 1000
	schemas.enable = false
 (org.apache.kafka.connect.json.JsonConverterConfig:371)
[2026-05-11 15:08:11,147] INFO JsonConverterConfig values: 
	converter.type = value
	decimal.format = BASE64
	replace.null.with.default = true
	schemas.cache.size = 1000
	schemas.enable = false
 (org.apache.kafka.connect.json.JsonConverterConfig:371)
[2026-05-11 15:08:11,186] INFO Advertised URI: http://127.0.1.1:8083/ (org.apache.kafka.connect.runtime.rest.RestServer:416)
[2026-05-11 15:08:11,254] INFO Kafka version: 3.9.2 (org.apache.kafka.common.utils.AppInfoParser:125)
[2026-05-11 15:08:11,254] INFO Kafka commitId: 5e9866f43ab8e7e4 (org.apache.kafka.common.utils.AppInfoParser:126)
[2026-05-11 15:08:11,255] INFO Kafka startTimeMs: 1778492291254 (org.apache.kafka.common.utils.AppInfoParser:127)
[2026-05-11 15:08:11,263] INFO Kafka Connect worker initialization took 10366ms (org.apache.kafka.connect.cli.AbstractConnectCli:141)
[2026-05-11 15:08:11,264] INFO Kafka Connect starting (org.apache.kafka.connect.runtime.Connect:67)
[2026-05-11 15:08:11,272] INFO Initializing REST resources (org.apache.kafka.connect.runtime.rest.RestServer:223)
[2026-05-11 15:08:11,272] INFO [Worker clientId=connect-127.0.1.1:8083, groupId=connect-cluster] Herder starting (org.apache.kafka.connect.runtime.distributed.DistributedHerder:377)
[2026-05-11 15:08:11,279] INFO Worker starting (org.apache.kafka.connect.runtime.Worker:233)
[2026-05-11 15:08:11,279] INFO Starting KafkaOffsetBackingStore (org.apache.kafka.connect.storage.KafkaOffsetBackingStore:232)
[2026-05-11 15:08:11,280] INFO Starting KafkaBasedLog with topic connect-offsets reportErrorsToCallback=false (org.apache.kafka.connect.util.KafkaBasedLog:254)
[2026-05-11 15:08:11,283] INFO AdminClientConfig values: 
	auto.include.jmx.reporter = true
	bootstrap.controllers = []
	bootstrap.servers = [localhost:9092]
	client.dns.lookup = use_all_dns_ips
	client.id = connect-cluster-shared-admin
	connections.max.idle.ms = 300000
	default.api.timeout.ms = 60000
	enable.metrics.push = true
	metadata.max.age.ms = 300000
	metadata.recovery.strategy = none
	metric.reporters = []
	metrics.num.samples = 2
	metrics.recording.level = INFO
	metrics.sample.window.ms = 30000
	receive.buffer.bytes = 65536
	reconnect.backoff.max.ms = 1000
	reconnect.backoff.ms = 50
	request.timeout.ms = 30000
	retries = 2147483647
	retry.backoff.max.ms = 1000
	retry.backoff.ms = 100
	sasl.client.callback.handler.class = null
	sasl.jaas.config = null
	sasl.kerberos.kinit.cmd = /usr/bin/kinit
	sasl.kerberos.min.time.before.relogin = 60000
	sasl.kerberos.service.name = null
	sasl.kerberos.ticket.renew.jitter = 0.05
	sasl.kerberos.ticket.renew.window.factor = 0.8
	sasl.login.callback.handler.class = null
	sasl.login.class = null
	sasl.login.connect.timeout.ms = null
	sasl.login.read.timeout.ms = null
	sasl.login.refresh.buffer.seconds = 300
	sasl.login.refresh.min.period.seconds = 60
	sasl.login.refresh.window.factor = 0.8
	sasl.login.refresh.window.jitter = 0.05
	sasl.login.retry.backoff.max.ms = 10000
	sasl.login.retry.backoff.ms = 100
	sasl.mechanism = GSSAPI
	sasl.oauthbearer.clock.skew.seconds = 30
	sasl.oauthbearer.expected.audience = null
	sasl.oauthbearer.expected.issuer = null
	sasl.oauthbearer.header.urlencode = false
	sasl.oauthbearer.jwks.endpoint.refresh.ms = 3600000
	sasl.oauthbearer.jwks.endpoint.retry.backoff.max.ms = 10000
	sasl.oauthbearer.jwks.endpoint.retry.backoff.ms = 100
	sasl.oauthbearer.jwks.endpoint.url = null
	sasl.oauthbearer.scope.claim.name = scope
	sasl.oauthbearer.sub.claim.name = sub
	sasl.oauthbearer.token.endpoint.url = null
	security.protocol = PLAINTEXT
	security.providers = null
	send.buffer.bytes = 131072
	socket.connection.setup.timeout.max.ms = 30000
	socket.connection.setup.timeout.ms = 10000
	ssl.cipher.suites = null
	ssl.enabled.protocols = [TLSv1.2, TLSv1.3]
	ssl.endpoint.identification.algorithm = https
	ssl.engine.factory.class = null
	ssl.key.password = null
	ssl.keymanager.algorithm = SunX509
	ssl.keystore.certificate.chain = null
	ssl.keystore.key = null
	ssl.keystore.location = null
	ssl.keystore.password = null
	ssl.keystore.type = JKS
	ssl.protocol = TLSv1.3
	ssl.provider = null
	ssl.secure.random.implementation = null
	ssl.trustmanager.algorithm = PKIX
	ssl.truststore.certificates = null
	ssl.truststore.location = null
	ssl.truststore.password = null
	ssl.truststore.type = JKS
 (org.apache.kafka.clients.admin.AdminClientConfig:371)
[2026-05-11 15:08:11,289] INFO These configurations '[config.storage.topic, metrics.context.connect.group.id, status.storage.topic, group.id, plugin.path, config.storage.replication.factor, key.converter.schemas.enable, metrics.context.connect.kafka.cluster.id, status.storage.replication.factor, value.converter.schemas.enable, offset.storage.replication.factor, offset.storage.topic, value.converter, key.converter]' were supplied but are not used yet. (org.apache.kafka.clients.admin.AdminClientConfig:380)
[2026-05-11 15:08:11,290] INFO Kafka version: 3.9.2 (org.apache.kafka.common.utils.AppInfoParser:125)
[2026-05-11 15:08:11,291] INFO Kafka commitId: 5e9866f43ab8e7e4 (org.apache.kafka.common.utils.AppInfoParser:126)
[2026-05-11 15:08:11,292] INFO Kafka startTimeMs: 1778492291290 (org.apache.kafka.common.utils.AppInfoParser:127)
[2026-05-11 15:08:11,403] INFO Created topic (name=connect-offsets, numPartitions=25, replicationFactor=1, replicasAssignments=null, configs={cleanup.policy=compact}) on brokers at localhost:9092 (org.apache.kafka.connect.util.TopicAdmin:416)
[2026-05-11 15:08:11,416] INFO Adding admin resources to main listener (org.apache.kafka.connect.runtime.rest.RestServer:238)
[2026-05-11 15:08:11,428] INFO ProducerConfig values: 
	acks = -1
	auto.include.jmx.reporter = true
	batch.size = 16384
	bootstrap.servers = [localhost:9092]
	buffer.memory = 33554432
	client.dns.lookup = use_all_dns_ips
	client.id = connect-cluster-offsets
	compression.gzip.level = -1
	compression.lz4.level = 9
	compression.type = none
	compression.zstd.level = 3
	connections.max.idle.ms = 540000
	delivery.timeout.ms = 2147483647
	enable.idempotence = false
	enable.metrics.push = true
	interceptor.classes = []
	key.serializer = class org.apache.kafka.common.serialization.ByteArraySerializer
	linger.ms = 0
	max.block.ms = 60000
	max.in.flight.requests.per.connection = 1
	max.request.size = 1048576
	metadata.max.age.ms = 300000
	metadata.max.idle.ms = 300000
	metadata.recovery.strategy = none
	metric.reporters = []
	metrics.num.samples = 2
	metrics.recording.level = INFO
	metrics.sample.window.ms = 30000
	partitioner.adaptive.partitioning.enable = true
	partitioner.availability.timeout.ms = 0
	partitioner.class = null
	partitioner.ignore.keys = false
	receive.buffer.bytes = 32768
	reconnect.backoff.max.ms = 1000
	reconnect.backoff.ms = 50
	request.timeout.ms = 30000
	retries = 2147483647
	retry.backoff.max.ms = 1000
	retry.backoff.ms = 100
	sasl.client.callback.handler.class = null
	sasl.jaas.config = null
	sasl.kerberos.kinit.cmd = /usr/bin/kinit
	sasl.kerberos.min.time.before.relogin = 60000
	sasl.kerberos.service.name = null
	sasl.kerberos.ticket.renew.jitter = 0.05
	sasl.kerberos.ticket.renew.window.factor = 0.8
	sasl.login.callback.handler.class = null
	sasl.login.class = null
	sasl.login.connect.timeout.ms = null
	sasl.login.read.timeout.ms = null
	sasl.login.refresh.buffer.seconds = 300
	sasl.login.refresh.min.period.seconds = 60
	sasl.login.refresh.window.factor = 0.8
	sasl.login.refresh.window.jitter = 0.05
	sasl.login.retry.backoff.max.ms = 10000
	sasl.login.retry.backoff.ms = 100
	sasl.mechanism = GSSAPI
	sasl.oauthbearer.clock.skew.seconds = 30
	sasl.oauthbearer.expected.audience = null
	sasl.oauthbearer.expected.issuer = null
	sasl.oauthbearer.header.urlencode = false
	sasl.oauthbearer.jwks.endpoint.refresh.ms = 3600000
	sasl.oauthbearer.jwks.endpoint.retry.backoff.max.ms = 10000
	sasl.oauthbearer.jwks.endpoint.retry.backoff.ms = 100
	sasl.oauthbearer.jwks.endpoint.url = null
	sasl.oauthbearer.scope.claim.name = scope
	sasl.oauthbearer.sub.claim.name = sub
	sasl.oauthbearer.token.endpoint.url = null
	security.protocol = PLAINTEXT
	security.providers = null
	send.buffer.bytes = 131072
	socket.connection.setup.timeout.max.ms = 30000
	socket.connection.setup.timeout.ms = 10000
	ssl.cipher.suites = null
	ssl.enabled.protocols = [TLSv1.2, TLSv1.3]
	ssl.endpoint.identification.algorithm = https
	ssl.engine.factory.class = null
	ssl.key.password = null
	ssl.keymanager.algorithm = SunX509
	ssl.keystore.certificate.chain = null
	ssl.keystore.key = null
	ssl.keystore.location = null
	ssl.keystore.password = null
	ssl.keystore.type = JKS
	ssl.protocol = TLSv1.3
	ssl.provider = null
	ssl.secure.random.implementation = null
	ssl.trustmanager.algorithm = PKIX
	ssl.truststore.certificates = null
	ssl.truststore.location = null
	ssl.truststore.password = null
	ssl.truststore.type = JKS
	transaction.timeout.ms = 60000
	transactional.id = null
	value.serializer = class org.apache.kafka.common.serialization.ByteArraySerializer
 (org.apache.kafka.clients.producer.ProducerConfig:371)
[2026-05-11 15:08:11,559] INFO initializing Kafka metrics collector (org.apache.kafka.common.telemetry.internals.KafkaMetricsCollector:270)
[2026-05-11 15:08:11,606] INFO DefaultSessionIdManager workerName=node0 (org.eclipse.jetty.server.session:334)
[2026-05-11 15:08:11,608] INFO No SessionScavenger set, using defaults (org.eclipse.jetty.server.session:339)
[2026-05-11 15:08:11,611] INFO node0 Scavenging every 660000ms (org.eclipse.jetty.server.session:132)
[2026-05-11 15:08:11,646] INFO These configurations '[config.storage.topic, metrics.context.connect.group.id, status.storage.topic, group.id, plugin.path, config.storage.replication.factor, key.converter.schemas.enable, metrics.context.connect.kafka.cluster.id, status.storage.replication.factor, value.converter.schemas.enable, offset.storage.replication.factor, offset.storage.topic, value.converter, key.converter]' were supplied but are not used yet. (org.apache.kafka.clients.producer.ProducerConfig:380)
[2026-05-11 15:08:11,649] INFO Kafka version: 3.9.2 (org.apache.kafka.common.utils.AppInfoParser:125)
[2026-05-11 15:08:11,650] INFO Kafka commitId: 5e9866f43ab8e7e4 (org.apache.kafka.common.utils.AppInfoParser:126)
[2026-05-11 15:08:11,651] INFO Kafka startTimeMs: 1778492291649 (org.apache.kafka.common.utils.AppInfoParser:127)
[2026-05-11 15:08:11,673] INFO ConsumerConfig values: 
	allow.auto.create.topics = true
	auto.commit.interval.ms = 5000
	auto.include.jmx.reporter = true
	auto.offset.reset = earliest
	bootstrap.servers = [localhost:9092]
	check.crcs = true
	client.dns.lookup = use_all_dns_ips
	client.id = connect-cluster-offsets
	client.rack = 
	connections.max.idle.ms = 540000
	default.api.timeout.ms = 60000
	enable.auto.commit = false
	enable.metrics.push = true
	exclude.internal.topics = true
	fetch.max.bytes = 52428800
	fetch.max.wait.ms = 500
	fetch.min.bytes = 1
	group.id = connect-cluster
	group.instance.id = null
	group.protocol = classic
	group.remote.assignor = null
	heartbeat.interval.ms = 3000
	interceptor.classes = []
	internal.leave.group.on.close = true
	internal.throw.on.fetch.stable.offset.unsupported = false
	isolation.level = read_uncommitted
	key.deserializer = class org.apache.kafka.common.serialization.ByteArrayDeserializer
	max.partition.fetch.bytes = 1048576
	max.poll.interval.ms = 300000
	max.poll.records = 500
	metadata.max.age.ms = 300000
	metadata.recovery.strategy = none
	metric.reporters = []
	metrics.num.samples = 2
	metrics.recording.level = INFO
	metrics.sample.window.ms = 30000
	partition.assignment.strategy = [class org.apache.kafka.clients.consumer.RangeAssignor, class org.apache.kafka.clients.consumer.CooperativeStickyAssignor]
	receive.buffer.bytes = 65536
	reconnect.backoff.max.ms = 1000
	reconnect.backoff.ms = 50
	request.timeout.ms = 30000
	retry.backoff.max.ms = 1000
	retry.backoff.ms = 100
	sasl.client.callback.handler.class = null
	sasl.jaas.config = null
	sasl.kerberos.kinit.cmd = /usr/bin/kinit
	sasl.kerberos.min.time.before.relogin = 60000
	sasl.kerberos.service.name = null
	sasl.kerberos.ticket.renew.jitter = 0.05
	sasl.kerberos.ticket.renew.window.factor = 0.8
	sasl.login.callback.handler.class = null
	sasl.login.class = null
	sasl.login.connect.timeout.ms = null
	sasl.login.read.timeout.ms = null
	sasl.login.refresh.buffer.seconds = 300
	sasl.login.refresh.min.period.seconds = 60
	sasl.login.refresh.window.factor = 0.8
	sasl.login.refresh.window.jitter = 0.05
	sasl.login.retry.backoff.max.ms = 10000
	sasl.login.retry.backoff.ms = 100
	sasl.mechanism = GSSAPI
	sasl.oauthbearer.clock.skew.seconds = 30
	sasl.oauthbearer.expected.audience = null
	sasl.oauthbearer.expected.issuer = null
	sasl.oauthbearer.header.urlencode = false
	sasl.oauthbearer.jwks.endpoint.refresh.ms = 3600000
	sasl.oauthbearer.jwks.endpoint.retry.backoff.max.ms = 10000
	sasl.oauthbearer.jwks.endpoint.retry.backoff.ms = 100
	sasl.oauthbearer.jwks.endpoint.url = null
	sasl.oauthbearer.scope.claim.name = scope
	sasl.oauthbearer.sub.claim.name = sub
	sasl.oauthbearer.token.endpoint.url = null
	security.protocol = PLAINTEXT
	security.providers = null
	send.buffer.bytes = 131072
	session.timeout.ms = 45000
	socket.connection.setup.timeout.max.ms = 30000
	socket.connection.setup.timeout.ms = 10000
	ssl.cipher.suites = null
	ssl.enabled.protocols = [TLSv1.2, TLSv1.3]
	ssl.endpoint.identification.algorithm = https
	ssl.engine.factory.class = null
	ssl.key.password = null
	ssl.keymanager.algorithm = SunX509
	ssl.keystore.certificate.chain = null
	ssl.keystore.key = null
	ssl.keystore.location = null
	ssl.keystore.password = null
	ssl.keystore.type = JKS
	ssl.protocol = TLSv1.3
	ssl.provider = null
	ssl.secure.random.implementation = null
	ssl.trustmanager.algorithm = PKIX
	ssl.truststore.certificates = null
	ssl.truststore.location = null
	ssl.truststore.password = null
	ssl.truststore.type = JKS
	value.deserializer = class org.apache.kafka.common.serialization.ByteArrayDeserializer
 (org.apache.kafka.clients.consumer.ConsumerConfig:371)
[2026-05-11 15:08:11,678] INFO [Producer clientId=connect-cluster-offsets] Cluster ID: ti3G0LYJQcK3B56AzdUxRQ (org.apache.kafka.clients.Metadata:365)
[2026-05-11 15:08:11,715] INFO initializing Kafka metrics collector (org.apache.kafka.common.telemetry.internals.KafkaMetricsCollector:270)
[2026-05-11 15:08:11,815] INFO These configurations '[config.storage.topic, metrics.context.connect.group.id, status.storage.topic, plugin.path, config.storage.replication.factor, key.converter.schemas.enable, metrics.context.connect.kafka.cluster.id, status.storage.replication.factor, value.converter.schemas.enable, offset.storage.replication.factor, offset.storage.topic, value.converter, key.converter]' were supplied but are not used yet. (org.apache.kafka.clients.consumer.ConsumerConfig:380)
[2026-05-11 15:08:11,816] INFO Kafka version: 3.9.2 (org.apache.kafka.common.utils.AppInfoParser:125)
[2026-05-11 15:08:11,817] INFO Kafka commitId: 5e9866f43ab8e7e4 (org.apache.kafka.common.utils.AppInfoParser:126)
[2026-05-11 15:08:11,817] INFO Kafka startTimeMs: 1778492291816 (org.apache.kafka.common.utils.AppInfoParser:127)
[2026-05-11 15:08:11,833] INFO [Consumer clientId=connect-cluster-offsets, groupId=connect-cluster] Cluster ID: ti3G0LYJQcK3B56AzdUxRQ (org.apache.kafka.clients.Metadata:365)
[2026-05-11 15:08:11,844] INFO [Consumer clientId=connect-cluster-offsets, groupId=connect-cluster] Assigned to partition(s): connect-offsets-17, connect-offsets-20, connect-offsets-11, connect-offsets-23, connect-offsets-14, connect-offsets-5, connect-offsets-0, connect-offsets-8, connect-offsets-7, connect-offsets-4, connect-offsets-1, connect-offsets-10, connect-offsets-13, connect-offsets-24, connect-offsets-21, connect-offsets-16, connect-offsets-3, connect-offsets-9, connect-offsets-15, connect-offsets-18, connect-offsets-19, connect-offsets-22, connect-offsets-6, connect-offsets-2, connect-offsets-12 (org.apache.kafka.clients.consumer.internals.ClassicKafkaConsumer:579)
[2026-05-11 15:08:11,860] INFO [Consumer clientId=connect-cluster-offsets, groupId=connect-cluster] Seeking to earliest offset of partition connect-offsets-17 (org.apache.kafka.clients.consumer.internals.SubscriptionState:715)
[2026-05-11 15:08:11,863] INFO [Consumer clientId=connect-cluster-offsets, groupId=connect-cluster] Seeking to earliest offset of partition connect-offsets-20 (org.apache.kafka.clients.consumer.internals.SubscriptionState:715)
[2026-05-11 15:08:11,865] INFO [Consumer clientId=connect-cluster-offsets, groupId=connect-cluster] Seeking to earliest offset of partition connect-offsets-11 (org.apache.kafka.clients.consumer.internals.SubscriptionState:715)
[2026-05-11 15:08:11,866] INFO [Consumer clientId=connect-cluster-offsets, groupId=connect-cluster] Seeking to earliest offset of partition connect-offsets-23 (org.apache.kafka.clients.consumer.internals.SubscriptionState:715)
[2026-05-11 15:08:11,868] INFO [Consumer clientId=connect-cluster-offsets, groupId=connect-cluster] Seeking to earliest offset of partition connect-offsets-14 (org.apache.kafka.clients.consumer.internals.SubscriptionState:715)
[2026-05-11 15:08:11,868] INFO [Consumer clientId=connect-cluster-offsets, groupId=connect-cluster] Seeking to earliest offset of partition connect-offsets-5 (org.apache.kafka.clients.consumer.internals.SubscriptionState:715)
[2026-05-11 15:08:11,869] INFO [Consumer clientId=connect-cluster-offsets, groupId=connect-cluster] Seeking to earliest offset of partition connect-offsets-0 (org.apache.kafka.clients.consumer.internals.SubscriptionState:715)
[2026-05-11 15:08:11,870] INFO [Consumer clientId=connect-cluster-offsets, groupId=connect-cluster] Seeking to earliest offset of partition connect-offsets-8 (org.apache.kafka.clients.consumer.internals.SubscriptionState:715)
[2026-05-11 15:08:11,871] INFO [Consumer clientId=connect-cluster-offsets, groupId=connect-cluster] Seeking to earliest offset of partition connect-offsets-7 (org.apache.kafka.clients.consumer.internals.SubscriptionState:715)
[2026-05-11 15:08:11,873] INFO [Consumer clientId=connect-cluster-offsets, groupId=connect-cluster] Seeking to earliest offset of partition connect-offsets-4 (org.apache.kafka.clients.consumer.internals.SubscriptionState:715)
[2026-05-11 15:08:11,875] INFO [Consumer clientId=connect-cluster-offsets, groupId=connect-cluster] Seeking to earliest offset of partition connect-offsets-1 (org.apache.kafka.clients.consumer.internals.SubscriptionState:715)
[2026-05-11 15:08:11,876] INFO [Consumer clientId=connect-cluster-offsets, groupId=connect-cluster] Seeking to earliest offset of partition connect-offsets-10 (org.apache.kafka.clients.consumer.internals.SubscriptionState:715)
[2026-05-11 15:08:11,877] INFO [Consumer clientId=connect-cluster-offsets, groupId=connect-cluster] Seeking to earliest offset of partition connect-offsets-13 (org.apache.kafka.clients.consumer.internals.SubscriptionState:715)
[2026-05-11 15:08:11,878] INFO [Consumer clientId=connect-cluster-offsets, groupId=connect-cluster] Seeking to earliest offset of partition connect-offsets-24 (org.apache.kafka.clients.consumer.internals.SubscriptionState:715)
[2026-05-11 15:08:11,879] INFO [Consumer clientId=connect-cluster-offsets, groupId=connect-cluster] Seeking to earliest offset of partition connect-offsets-21 (org.apache.kafka.clients.consumer.internals.SubscriptionState:715)
[2026-05-11 15:08:11,881] INFO [Consumer clientId=connect-cluster-offsets, groupId=connect-cluster] Seeking to earliest offset of partition connect-offsets-16 (org.apache.kafka.clients.consumer.internals.SubscriptionState:715)
[2026-05-11 15:08:11,883] INFO [Consumer clientId=connect-cluster-offsets, groupId=connect-cluster] Seeking to earliest offset of partition connect-offsets-3 (org.apache.kafka.clients.consumer.internals.SubscriptionState:715)
[2026-05-11 15:08:11,885] INFO [Consumer clientId=connect-cluster-offsets, groupId=connect-cluster] Seeking to earliest offset of partition connect-offsets-9 (org.apache.kafka.clients.consumer.internals.SubscriptionState:715)
[2026-05-11 15:08:11,886] INFO [Consumer clientId=connect-cluster-offsets, groupId=connect-cluster] Seeking to earliest offset of partition connect-offsets-15 (org.apache.kafka.clients.consumer.internals.SubscriptionState:715)
[2026-05-11 15:08:11,887] INFO [Consumer clientId=connect-cluster-offsets, groupId=connect-cluster] Seeking to earliest offset of partition connect-offsets-18 (org.apache.kafka.clients.consumer.internals.SubscriptionState:715)
[2026-05-11 15:08:11,888] INFO [Consumer clientId=connect-cluster-offsets, groupId=connect-cluster] Seeking to earliest offset of partition connect-offsets-19 (org.apache.kafka.clients.consumer.internals.SubscriptionState:715)
[2026-05-11 15:08:11,889] INFO [Consumer clientId=connect-cluster-offsets, groupId=connect-cluster] Seeking to earliest offset of partition connect-offsets-22 (org.apache.kafka.clients.consumer.internals.SubscriptionState:715)
[2026-05-11 15:08:11,890] INFO [Consumer clientId=connect-cluster-offsets, groupId=connect-cluster] Seeking to earliest offset of partition connect-offsets-6 (org.apache.kafka.clients.consumer.internals.SubscriptionState:715)
[2026-05-11 15:08:11,891] INFO [Consumer clientId=connect-cluster-offsets, groupId=connect-cluster] Seeking to earliest offset of partition connect-offsets-2 (org.apache.kafka.clients.consumer.internals.SubscriptionState:715)
[2026-05-11 15:08:11,892] INFO [Consumer clientId=connect-cluster-offsets, groupId=connect-cluster] Seeking to earliest offset of partition connect-offsets-12 (org.apache.kafka.clients.consumer.internals.SubscriptionState:715)
[2026-05-11 15:08:12,049] INFO [Consumer clientId=connect-cluster-offsets, groupId=connect-cluster] Resetting offset for partition connect-offsets-10 to position FetchPosition{offset=0, offsetEpoch=Optional.empty, currentLeader=LeaderAndEpoch{leader=Optional[localhost:9092 (id: 1 rack: null)], epoch=0}}. (org.apache.kafka.clients.consumer.internals.SubscriptionState:407)
[2026-05-11 15:08:12,051] INFO [Consumer clientId=connect-cluster-offsets, groupId=connect-cluster] Resetting offset for partition connect-offsets-8 to position FetchPosition{offset=0, offsetEpoch=Optional.empty, currentLeader=LeaderAndEpoch{leader=Optional[localhost:9092 (id: 1 rack: null)], epoch=0}}. (org.apache.kafka.clients.consumer.internals.SubscriptionState:407)
[2026-05-11 15:08:12,052] INFO [Consumer clientId=connect-cluster-offsets, groupId=connect-cluster] Resetting offset for partition connect-offsets-14 to position FetchPosition{offset=0, offsetEpoch=Optional.empty, currentLeader=LeaderAndEpoch{leader=Optional[localhost:9092 (id: 1 rack: null)], epoch=0}}. (org.apache.kafka.clients.consumer.internals.SubscriptionState:407)
[2026-05-11 15:08:12,056] INFO [Consumer clientId=connect-cluster-offsets, groupId=connect-cluster] Resetting offset for partition connect-offsets-12 to position FetchPosition{offset=0, offsetEpoch=Optional.empty, currentLeader=LeaderAndEpoch{leader=Optional[localhost:9092 (id: 1 rack: null)], epoch=0}}. (org.apache.kafka.clients.consumer.internals.SubscriptionState:407)
[2026-05-11 15:08:12,057] INFO [Consumer clientId=connect-cluster-offsets, groupId=connect-cluster] Resetting offset for partition connect-offsets-2 to position FetchPosition{offset=0, offsetEpoch=Optional.empty, currentLeader=LeaderAndEpoch{leader=Optional[localhost:9092 (id: 1 rack: null)], epoch=0}}. (org.apache.kafka.clients.consumer.internals.SubscriptionState:407)
[2026-05-11 15:08:12,059] INFO [Consumer clientId=connect-cluster-offsets, groupId=connect-cluster] Resetting offset for partition connect-offsets-0 to position FetchPosition{offset=0, offsetEpoch=Optional.empty, currentLeader=LeaderAndEpoch{leader=Optional[localhost:9092 (id: 1 rack: null)], epoch=0}}. (org.apache.kafka.clients.consumer.internals.SubscriptionState:407)
[2026-05-11 15:08:12,060] INFO [Consumer clientId=connect-cluster-offsets, groupId=connect-cluster] Resetting offset for partition connect-offsets-6 to position FetchPosition{offset=0, offsetEpoch=Optional.empty, currentLeader=LeaderAndEpoch{leader=Optional[localhost:9092 (id: 1 rack: null)], epoch=0}}. (org.apache.kafka.clients.consumer.internals.SubscriptionState:407)
[2026-05-11 15:08:12,061] INFO [Consumer clientId=connect-cluster-offsets, groupId=connect-cluster] Resetting offset for partition connect-offsets-4 to position FetchPosition{offset=0, offsetEpoch=Optional.empty, currentLeader=LeaderAndEpoch{leader=Optional[localhost:9092 (id: 1 rack: null)], epoch=0}}. (org.apache.kafka.clients.consumer.internals.SubscriptionState:407)
[2026-05-11 15:08:12,063] INFO [Consumer clientId=connect-cluster-offsets, groupId=connect-cluster] Resetting offset for partition connect-offsets-24 to position FetchPosition{offset=0, offsetEpoch=Optional.empty, currentLeader=LeaderAndEpoch{leader=Optional[localhost:9092 (id: 1 rack: null)], epoch=0}}. (org.apache.kafka.clients.consumer.internals.SubscriptionState:407)
[2026-05-11 15:08:12,065] INFO [Consumer clientId=connect-cluster-offsets, groupId=connect-cluster] Resetting offset for partition connect-offsets-18 to position FetchPosition{offset=0, offsetEpoch=Optional.empty, currentLeader=LeaderAndEpoch{leader=Optional[localhost:9092 (id: 1 rack: null)], epoch=0}}. (org.apache.kafka.clients.consumer.internals.SubscriptionState:407)
[2026-05-11 15:08:12,067] INFO [Consumer clientId=connect-cluster-offsets, groupId=connect-cluster] Resetting offset for partition connect-offsets-16 to position FetchPosition{offset=0, offsetEpoch=Optional.empty, currentLeader=LeaderAndEpoch{leader=Optional[localhost:9092 (id: 1 rack: null)], epoch=0}}. (org.apache.kafka.clients.consumer.internals.SubscriptionState:407)
[2026-05-11 15:08:12,068] INFO [Consumer clientId=connect-cluster-offsets, groupId=connect-cluster] Resetting offset for partition connect-offsets-22 to position FetchPosition{offset=0, offsetEpoch=Optional.empty, currentLeader=LeaderAndEpoch{leader=Optional[localhost:9092 (id: 1 rack: null)], epoch=0}}. (org.apache.kafka.clients.consumer.internals.SubscriptionState:407)
[2026-05-11 15:08:12,069] INFO [Consumer clientId=connect-cluster-offsets, groupId=connect-cluster] Resetting offset for partition connect-offsets-20 to position FetchPosition{offset=0, offsetEpoch=Optional.empty, currentLeader=LeaderAndEpoch{leader=Optional[localhost:9092 (id: 1 rack: null)], epoch=0}}. (org.apache.kafka.clients.consumer.internals.SubscriptionState:407)
[2026-05-11 15:08:12,071] INFO [Consumer clientId=connect-cluster-offsets, groupId=connect-cluster] Resetting offset for partition connect-offsets-9 to position FetchPosition{offset=0, offsetEpoch=Optional.empty, currentLeader=LeaderAndEpoch{leader=Optional[localhost:9092 (id: 1 rack: null)], epoch=0}}. (org.apache.kafka.clients.consumer.internals.SubscriptionState:407)
[2026-05-11 15:08:12,073] INFO [Consumer clientId=connect-cluster-offsets, groupId=connect-cluster] Resetting offset for partition connect-offsets-7 to position FetchPosition{offset=0, offsetEpoch=Optional.empty, currentLeader=LeaderAndEpoch{leader=Optional[localhost:9092 (id: 1 rack: null)], epoch=0}}. (org.apache.kafka.clients.consumer.internals.SubscriptionState:407)
[2026-05-11 15:08:12,074] INFO [Consumer clientId=connect-cluster-offsets, groupId=connect-cluster] Resetting offset for partition connect-offsets-13 to position FetchPosition{offset=0, offsetEpoch=Optional.empty, currentLeader=LeaderAndEpoch{leader=Optional[localhost:9092 (id: 1 rack: null)], epoch=0}}. (org.apache.kafka.clients.consumer.internals.SubscriptionState:407)
[2026-05-11 15:08:12,076] INFO [Consumer clientId=connect-cluster-offsets, groupId=connect-cluster] Resetting offset for partition connect-offsets-11 to position FetchPosition{offset=0, offsetEpoch=Optional.empty, currentLeader=LeaderAndEpoch{leader=Optional[localhost:9092 (id: 1 rack: null)], epoch=0}}. (org.apache.kafka.clients.consumer.internals.SubscriptionState:407)
[2026-05-11 15:08:12,077] INFO [Consumer clientId=connect-cluster-offsets, groupId=connect-cluster] Resetting offset for partition connect-offsets-1 to position FetchPosition{offset=0, offsetEpoch=Optional.empty, currentLeader=LeaderAndEpoch{leader=Optional[localhost:9092 (id: 1 rack: null)], epoch=0}}. (org.apache.kafka.clients.consumer.internals.SubscriptionState:407)
[2026-05-11 15:08:12,078] INFO [Consumer clientId=connect-cluster-offsets, groupId=connect-cluster] Resetting offset for partition connect-offsets-5 to position FetchPosition{offset=0, offsetEpoch=Optional.empty, currentLeader=LeaderAndEpoch{leader=Optional[localhost:9092 (id: 1 rack: null)], epoch=0}}. (org.apache.kafka.clients.consumer.internals.SubscriptionState:407)
[2026-05-11 15:08:12,081] INFO [Consumer clientId=connect-cluster-offsets, groupId=connect-cluster] Resetting offset for partition connect-offsets-3 to position FetchPosition{offset=0, offsetEpoch=Optional.empty, currentLeader=LeaderAndEpoch{leader=Optional[localhost:9092 (id: 1 rack: null)], epoch=0}}. (org.apache.kafka.clients.consumer.internals.SubscriptionState:407)
[2026-05-11 15:08:12,083] INFO [Consumer clientId=connect-cluster-offsets, groupId=connect-cluster] Resetting offset for partition connect-offsets-23 to position FetchPosition{offset=0, offsetEpoch=Optional.empty, currentLeader=LeaderAndEpoch{leader=Optional[localhost:9092 (id: 1 rack: null)], epoch=0}}. (org.apache.kafka.clients.consumer.internals.SubscriptionState:407)
[2026-05-11 15:08:12,085] INFO [Consumer clientId=connect-cluster-offsets, groupId=connect-cluster] Resetting offset for partition connect-offsets-17 to position FetchPosition{offset=0, offsetEpoch=Optional.empty, currentLeader=LeaderAndEpoch{leader=Optional[localhost:9092 (id: 1 rack: null)], epoch=0}}. (org.apache.kafka.clients.consumer.internals.SubscriptionState:407)
[2026-05-11 15:08:12,087] INFO [Consumer clientId=connect-cluster-offsets, groupId=connect-cluster] Resetting offset for partition connect-offsets-15 to position FetchPosition{offset=0, offsetEpoch=Optional.empty, currentLeader=LeaderAndEpoch{leader=Optional[localhost:9092 (id: 1 rack: null)], epoch=0}}. (org.apache.kafka.clients.consumer.internals.SubscriptionState:407)
[2026-05-11 15:08:12,088] INFO [Consumer clientId=connect-cluster-offsets, groupId=connect-cluster] Resetting offset for partition connect-offsets-21 to position FetchPosition{offset=0, offsetEpoch=Optional.empty, currentLeader=LeaderAndEpoch{leader=Optional[localhost:9092 (id: 1 rack: null)], epoch=0}}. (org.apache.kafka.clients.consumer.internals.SubscriptionState:407)
[2026-05-11 15:08:12,090] INFO [Consumer clientId=connect-cluster-offsets, groupId=connect-cluster] Resetting offset for partition connect-offsets-19 to position FetchPosition{offset=0, offsetEpoch=Optional.empty, currentLeader=LeaderAndEpoch{leader=Optional[localhost:9092 (id: 1 rack: null)], epoch=0}}. (org.apache.kafka.clients.consumer.internals.SubscriptionState:407)
[2026-05-11 15:08:12,092] INFO Finished reading KafkaBasedLog for topic connect-offsets (org.apache.kafka.connect.util.KafkaBasedLog:311)
[2026-05-11 15:08:12,093] INFO Started KafkaBasedLog for topic connect-offsets (org.apache.kafka.connect.util.KafkaBasedLog:313)
[2026-05-11 15:08:12,095] INFO Finished reading offsets topic and starting KafkaOffsetBackingStore (org.apache.kafka.connect.storage.KafkaOffsetBackingStore:249)
[2026-05-11 15:08:12,103] INFO Worker started (org.apache.kafka.connect.runtime.Worker:243)
[2026-05-11 15:08:12,103] INFO Starting KafkaBasedLog with topic connect-status reportErrorsToCallback=false (org.apache.kafka.connect.util.KafkaBasedLog:254)
[2026-05-11 15:08:12,138] INFO Created topic (name=connect-status, numPartitions=5, replicationFactor=1, replicasAssignments=null, configs={cleanup.policy=compact}) on brokers at localhost:9092 (org.apache.kafka.connect.util.TopicAdmin:416)
[2026-05-11 15:08:12,140] INFO ProducerConfig values: 
	acks = -1
	auto.include.jmx.reporter = true
	batch.size = 16384
	bootstrap.servers = [localhost:9092]
	buffer.memory = 33554432
	client.dns.lookup = use_all_dns_ips
	client.id = connect-cluster-statuses
	compression.gzip.level = -1
	compression.lz4.level = 9
	compression.type = none
	compression.zstd.level = 3
	connections.max.idle.ms = 540000
	delivery.timeout.ms = 120000
	enable.idempotence = false
	enable.metrics.push = true
	interceptor.classes = []
	key.serializer = class org.apache.kafka.common.serialization.StringSerializer
	linger.ms = 0
	max.block.ms = 60000
	max.in.flight.requests.per.connection = 1
	max.request.size = 1048576
	metadata.max.age.ms = 300000
	metadata.max.idle.ms = 300000
	metadata.recovery.strategy = none
	metric.reporters = []
	metrics.num.samples = 2
	metrics.recording.level = INFO
	metrics.sample.window.ms = 30000
	partitioner.adaptive.partitioning.enable = true
	partitioner.availability.timeout.ms = 0
	partitioner.class = null
	partitioner.ignore.keys = false
	receive.buffer.bytes = 32768
	reconnect.backoff.max.ms = 1000
	reconnect.backoff.ms = 50
	request.timeout.ms = 30000
	retries = 0
	retry.backoff.max.ms = 1000
	retry.backoff.ms = 100
	sasl.client.callback.handler.class = null
	sasl.jaas.config = null
	sasl.kerberos.kinit.cmd = /usr/bin/kinit
	sasl.kerberos.min.time.before.relogin = 60000
	sasl.kerberos.service.name = null
	sasl.kerberos.ticket.renew.jitter = 0.05
	sasl.kerberos.ticket.renew.window.factor = 0.8
	sasl.login.callback.handler.class = null
	sasl.login.class = null
	sasl.login.connect.timeout.ms = null
	sasl.login.read.timeout.ms = null
	sasl.login.refresh.buffer.seconds = 300
	sasl.login.refresh.min.period.seconds = 60
	sasl.login.refresh.window.factor = 0.8
	sasl.login.refresh.window.jitter = 0.05
	sasl.login.retry.backoff.max.ms = 10000
	sasl.login.retry.backoff.ms = 100
	sasl.mechanism = GSSAPI
	sasl.oauthbearer.clock.skew.seconds = 30
	sasl.oauthbearer.expected.audience = null
	sasl.oauthbearer.expected.issuer = null
	sasl.oauthbearer.header.urlencode = false
	sasl.oauthbearer.jwks.endpoint.refresh.ms = 3600000
	sasl.oauthbearer.jwks.endpoint.retry.backoff.max.ms = 10000
	sasl.oauthbearer.jwks.endpoint.retry.backoff.ms = 100
	sasl.oauthbearer.jwks.endpoint.url = null
	sasl.oauthbearer.scope.claim.name = scope
	sasl.oauthbearer.sub.claim.name = sub
	sasl.oauthbearer.token.endpoint.url = null
	security.protocol = PLAINTEXT
	security.providers = null
	send.buffer.bytes = 131072
	socket.connection.setup.timeout.max.ms = 30000
	socket.connection.setup.timeout.ms = 10000
	ssl.cipher.suites = null
	ssl.enabled.protocols = [TLSv1.2, TLSv1.3]
	ssl.endpoint.identification.algorithm = https
	ssl.engine.factory.class = null
	ssl.key.password = null
	ssl.keymanager.algorithm = SunX509
	ssl.keystore.certificate.chain = null
	ssl.keystore.key = null
	ssl.keystore.location = null
	ssl.keystore.password = null
	ssl.keystore.type = JKS
	ssl.protocol = TLSv1.3
	ssl.provider = null
	ssl.secure.random.implementation = null
	ssl.trustmanager.algorithm = PKIX
	ssl.truststore.certificates = null
	ssl.truststore.location = null
	ssl.truststore.password = null
	ssl.truststore.type = JKS
	transaction.timeout.ms = 60000
	transactional.id = null
	value.serializer = class org.apache.kafka.common.serialization.ByteArraySerializer
 (org.apache.kafka.clients.producer.ProducerConfig:371)
[2026-05-11 15:08:12,142] INFO initializing Kafka metrics collector (org.apache.kafka.common.telemetry.internals.KafkaMetricsCollector:270)
[2026-05-11 15:08:12,155] INFO These configurations '[config.storage.topic, metrics.context.connect.group.id, status.storage.topic, group.id, plugin.path, config.storage.replication.factor, key.converter.schemas.enable, metrics.context.connect.kafka.cluster.id, status.storage.replication.factor, value.converter.schemas.enable, offset.storage.replication.factor, offset.storage.topic, value.converter, key.converter]' were supplied but are not used yet. (org.apache.kafka.clients.producer.ProducerConfig:380)
[2026-05-11 15:08:12,160] INFO Kafka version: 3.9.2 (org.apache.kafka.common.utils.AppInfoParser:125)
[2026-05-11 15:08:12,163] INFO Kafka commitId: 5e9866f43ab8e7e4 (org.apache.kafka.common.utils.AppInfoParser:126)
[2026-05-11 15:08:12,164] INFO Kafka startTimeMs: 1778492292160 (org.apache.kafka.common.utils.AppInfoParser:127)
[2026-05-11 15:08:12,166] INFO ConsumerConfig values: 
	allow.auto.create.topics = true
	auto.commit.interval.ms = 5000
	auto.include.jmx.reporter = true
	auto.offset.reset = earliest
	bootstrap.servers = [localhost:9092]
	check.crcs = true
	client.dns.lookup = use_all_dns_ips
	client.id = connect-cluster-statuses
	client.rack = 
	connections.max.idle.ms = 540000
	default.api.timeout.ms = 60000
	enable.auto.commit = false
	enable.metrics.push = true
	exclude.internal.topics = true
	fetch.max.bytes = 52428800
	fetch.max.wait.ms = 500
	fetch.min.bytes = 1
	group.id = connect-cluster
	group.instance.id = null
	group.protocol = classic
	group.remote.assignor = null
	heartbeat.interval.ms = 3000
	interceptor.classes = []
	internal.leave.group.on.close = true
	internal.throw.on.fetch.stable.offset.unsupported = false
	isolation.level = read_uncommitted
	key.deserializer = class org.apache.kafka.common.serialization.StringDeserializer
	max.partition.fetch.bytes = 1048576
	max.poll.interval.ms = 300000
	max.poll.records = 500
	metadata.max.age.ms = 300000
	metadata.recovery.strategy = none
	metric.reporters = []
	metrics.num.samples = 2
	metrics.recording.level = INFO
	metrics.sample.window.ms = 30000
	partition.assignment.strategy = [class org.apache.kafka.clients.consumer.RangeAssignor, class org.apache.kafka.clients.consumer.CooperativeStickyAssignor]
	receive.buffer.bytes = 65536
	reconnect.backoff.max.ms = 1000
	reconnect.backoff.ms = 50
	request.timeout.ms = 30000
	retry.backoff.max.ms = 1000
	retry.backoff.ms = 100
	sasl.client.callback.handler.class = null
	sasl.jaas.config = null
	sasl.kerberos.kinit.cmd = /usr/bin/kinit
	sasl.kerberos.min.time.before.relogin = 60000
	sasl.kerberos.service.name = null
	sasl.kerberos.ticket.renew.jitter = 0.05
	sasl.kerberos.ticket.renew.window.factor = 0.8
	sasl.login.callback.handler.class = null
	sasl.login.class = null
	sasl.login.connect.timeout.ms = null
	sasl.login.read.timeout.ms = null
	sasl.login.refresh.buffer.seconds = 300
	sasl.login.refresh.min.period.seconds = 60
	sasl.login.refresh.window.factor = 0.8
	sasl.login.refresh.window.jitter = 0.05
	sasl.login.retry.backoff.max.ms = 10000
	sasl.login.retry.backoff.ms = 100
	sasl.mechanism = GSSAPI
	sasl.oauthbearer.clock.skew.seconds = 30
	sasl.oauthbearer.expected.audience = null
	sasl.oauthbearer.expected.issuer = null
	sasl.oauthbearer.header.urlencode = false
	sasl.oauthbearer.jwks.endpoint.refresh.ms = 3600000
	sasl.oauthbearer.jwks.endpoint.retry.backoff.max.ms = 10000
	sasl.oauthbearer.jwks.endpoint.retry.backoff.ms = 100
	sasl.oauthbearer.jwks.endpoint.url = null
	sasl.oauthbearer.scope.claim.name = scope
	sasl.oauthbearer.sub.claim.name = sub
	sasl.oauthbearer.token.endpoint.url = null
	security.protocol = PLAINTEXT
	security.providers = null
	send.buffer.bytes = 131072
	session.timeout.ms = 45000
	socket.connection.setup.timeout.max.ms = 30000
	socket.connection.setup.timeout.ms = 10000
	ssl.cipher.suites = null
	ssl.enabled.protocols = [TLSv1.2, TLSv1.3]
	ssl.endpoint.identification.algorithm = https
	ssl.engine.factory.class = null
	ssl.key.password = null
	ssl.keymanager.algorithm = SunX509
	ssl.keystore.certificate.chain = null
	ssl.keystore.key = null
	ssl.keystore.location = null
	ssl.keystore.password = null
	ssl.keystore.type = JKS
	ssl.protocol = TLSv1.3
	ssl.provider = null
	ssl.secure.random.implementation = null
	ssl.trustmanager.algorithm = PKIX
	ssl.truststore.certificates = null
	ssl.truststore.location = null
	ssl.truststore.password = null
	ssl.truststore.type = JKS
	value.deserializer = class org.apache.kafka.common.serialization.ByteArrayDeserializer
 (org.apache.kafka.clients.consumer.ConsumerConfig:371)
[2026-05-11 15:08:12,173] INFO initializing Kafka metrics collector (org.apache.kafka.common.telemetry.internals.KafkaMetricsCollector:270)
[2026-05-11 15:08:12,173] INFO [Producer clientId=connect-cluster-statuses] Cluster ID: ti3G0LYJQcK3B56AzdUxRQ (org.apache.kafka.clients.Metadata:365)
[2026-05-11 15:08:12,192] INFO These configurations '[config.storage.topic, metrics.context.connect.group.id, status.storage.topic, plugin.path, config.storage.replication.factor, key.converter.schemas.enable, metrics.context.connect.kafka.cluster.id, status.storage.replication.factor, value.converter.schemas.enable, offset.storage.replication.factor, offset.storage.topic, value.converter, key.converter]' were supplied but are not used yet. (org.apache.kafka.clients.consumer.ConsumerConfig:380)
[2026-05-11 15:08:12,194] INFO Kafka version: 3.9.2 (org.apache.kafka.common.utils.AppInfoParser:125)
[2026-05-11 15:08:12,195] INFO Kafka commitId: 5e9866f43ab8e7e4 (org.apache.kafka.common.utils.AppInfoParser:126)
[2026-05-11 15:08:12,196] INFO Kafka startTimeMs: 1778492292193 (org.apache.kafka.common.utils.AppInfoParser:127)
[2026-05-11 15:08:12,207] INFO [Consumer clientId=connect-cluster-statuses, groupId=connect-cluster] Cluster ID: ti3G0LYJQcK3B56AzdUxRQ (org.apache.kafka.clients.Metadata:365)
[2026-05-11 15:08:12,210] INFO [Consumer clientId=connect-cluster-statuses, groupId=connect-cluster] Assigned to partition(s): connect-status-1, connect-status-3, connect-status-2, connect-status-0, connect-status-4 (org.apache.kafka.clients.consumer.internals.ClassicKafkaConsumer:579)
[2026-05-11 15:08:12,211] INFO [Consumer clientId=connect-cluster-statuses, groupId=connect-cluster] Seeking to earliest offset of partition connect-status-1 (org.apache.kafka.clients.consumer.internals.SubscriptionState:715)
[2026-05-11 15:08:12,213] INFO [Consumer clientId=connect-cluster-statuses, groupId=connect-cluster] Seeking to earliest offset of partition connect-status-3 (org.apache.kafka.clients.consumer.internals.SubscriptionState:715)
[2026-05-11 15:08:12,214] INFO [Consumer clientId=connect-cluster-statuses, groupId=connect-cluster] Seeking to earliest offset of partition connect-status-2 (org.apache.kafka.clients.consumer.internals.SubscriptionState:715)
[2026-05-11 15:08:12,215] INFO [Consumer clientId=connect-cluster-statuses, groupId=connect-cluster] Seeking to earliest offset of partition connect-status-0 (org.apache.kafka.clients.consumer.internals.SubscriptionState:715)
[2026-05-11 15:08:12,215] INFO [Consumer clientId=connect-cluster-statuses, groupId=connect-cluster] Seeking to earliest offset of partition connect-status-4 (org.apache.kafka.clients.consumer.internals.SubscriptionState:715)
[2026-05-11 15:08:12,337] INFO [Consumer clientId=connect-cluster-statuses, groupId=connect-cluster] Resetting offset for partition connect-status-1 to position FetchPosition{offset=0, offsetEpoch=Optional.empty, currentLeader=LeaderAndEpoch{leader=Optional[localhost:9092 (id: 1 rack: null)], epoch=0}}. (org.apache.kafka.clients.consumer.internals.SubscriptionState:407)
[2026-05-11 15:08:12,338] INFO [Consumer clientId=connect-cluster-statuses, groupId=connect-cluster] Resetting offset for partition connect-status-2 to position FetchPosition{offset=0, offsetEpoch=Optional.empty, currentLeader=LeaderAndEpoch{leader=Optional[localhost:9092 (id: 1 rack: null)], epoch=0}}. (org.apache.kafka.clients.consumer.internals.SubscriptionState:407)
[2026-05-11 15:08:12,338] INFO [Consumer clientId=connect-cluster-statuses, groupId=connect-cluster] Resetting offset for partition connect-status-0 to position FetchPosition{offset=0, offsetEpoch=Optional.empty, currentLeader=LeaderAndEpoch{leader=Optional[localhost:9092 (id: 1 rack: null)], epoch=0}}. (org.apache.kafka.clients.consumer.internals.SubscriptionState:407)
[2026-05-11 15:08:12,339] INFO [Consumer clientId=connect-cluster-statuses, groupId=connect-cluster] Resetting offset for partition connect-status-3 to position FetchPosition{offset=0, offsetEpoch=Optional.empty, currentLeader=LeaderAndEpoch{leader=Optional[localhost:9092 (id: 1 rack: null)], epoch=0}}. (org.apache.kafka.clients.consumer.internals.SubscriptionState:407)
[2026-05-11 15:08:12,340] INFO [Consumer clientId=connect-cluster-statuses, groupId=connect-cluster] Resetting offset for partition connect-status-4 to position FetchPosition{offset=0, offsetEpoch=Optional.empty, currentLeader=LeaderAndEpoch{leader=Optional[localhost:9092 (id: 1 rack: null)], epoch=0}}. (org.apache.kafka.clients.consumer.internals.SubscriptionState:407)
[2026-05-11 15:08:12,341] INFO Finished reading KafkaBasedLog for topic connect-status (org.apache.kafka.connect.util.KafkaBasedLog:311)
[2026-05-11 15:08:12,342] INFO Started KafkaBasedLog for topic connect-status (org.apache.kafka.connect.util.KafkaBasedLog:313)
[2026-05-11 15:08:12,357] INFO Starting KafkaConfigBackingStore (org.apache.kafka.connect.storage.KafkaConfigBackingStore:378)
[2026-05-11 15:08:12,358] INFO Starting KafkaBasedLog with topic connect-configs reportErrorsToCallback=false (org.apache.kafka.connect.util.KafkaBasedLog:254)
[2026-05-11 15:08:12,396] INFO Created topic (name=connect-configs, numPartitions=1, replicationFactor=1, replicasAssignments=null, configs={cleanup.policy=compact}) on brokers at localhost:9092 (org.apache.kafka.connect.util.TopicAdmin:416)
[2026-05-11 15:08:12,397] INFO ProducerConfig values: 
	acks = -1
	auto.include.jmx.reporter = true
	batch.size = 16384
	bootstrap.servers = [localhost:9092]
	buffer.memory = 33554432
	client.dns.lookup = use_all_dns_ips
	client.id = connect-cluster-configs
	compression.gzip.level = -1
	compression.lz4.level = 9
	compression.type = none
	compression.zstd.level = 3
	connections.max.idle.ms = 540000
	delivery.timeout.ms = 2147483647
	enable.idempotence = false
	enable.metrics.push = true
	interceptor.classes = []
	key.serializer = class org.apache.kafka.common.serialization.StringSerializer
	linger.ms = 0
	max.block.ms = 60000
	max.in.flight.requests.per.connection = 1
	max.request.size = 1048576
	metadata.max.age.ms = 300000
	metadata.max.idle.ms = 300000
	metadata.recovery.strategy = none
	metric.reporters = []
	metrics.num.samples = 2
	metrics.recording.level = INFO
	metrics.sample.window.ms = 30000
	partitioner.adaptive.partitioning.enable = true
	partitioner.availability.timeout.ms = 0
	partitioner.class = null
	partitioner.ignore.keys = false
	receive.buffer.bytes = 32768
	reconnect.backoff.max.ms = 1000
	reconnect.backoff.ms = 50
	request.timeout.ms = 30000
	retries = 2147483647
	retry.backoff.max.ms = 1000
	retry.backoff.ms = 100
	sasl.client.callback.handler.class = null
	sasl.jaas.config = null
	sasl.kerberos.kinit.cmd = /usr/bin/kinit
	sasl.kerberos.min.time.before.relogin = 60000
	sasl.kerberos.service.name = null
	sasl.kerberos.ticket.renew.jitter = 0.05
	sasl.kerberos.ticket.renew.window.factor = 0.8
	sasl.login.callback.handler.class = null
	sasl.login.class = null
	sasl.login.connect.timeout.ms = null
	sasl.login.read.timeout.ms = null
	sasl.login.refresh.buffer.seconds = 300
	sasl.login.refresh.min.period.seconds = 60
	sasl.login.refresh.window.factor = 0.8
	sasl.login.refresh.window.jitter = 0.05
	sasl.login.retry.backoff.max.ms = 10000
	sasl.login.retry.backoff.ms = 100
	sasl.mechanism = GSSAPI
	sasl.oauthbearer.clock.skew.seconds = 30
	sasl.oauthbearer.expected.audience = null
	sasl.oauthbearer.expected.issuer = null
	sasl.oauthbearer.header.urlencode = false
	sasl.oauthbearer.jwks.endpoint.refresh.ms = 3600000
	sasl.oauthbearer.jwks.endpoint.retry.backoff.max.ms = 10000
	sasl.oauthbearer.jwks.endpoint.retry.backoff.ms = 100
	sasl.oauthbearer.jwks.endpoint.url = null
	sasl.oauthbearer.scope.claim.name = scope
	sasl.oauthbearer.sub.claim.name = sub
	sasl.oauthbearer.token.endpoint.url = null
	security.protocol = PLAINTEXT
	security.providers = null
	send.buffer.bytes = 131072
	socket.connection.setup.timeout.max.ms = 30000
	socket.connection.setup.timeout.ms = 10000
	ssl.cipher.suites = null
	ssl.enabled.protocols = [TLSv1.2, TLSv1.3]
	ssl.endpoint.identification.algorithm = https
	ssl.engine.factory.class = null
	ssl.key.password = null
	ssl.keymanager.algorithm = SunX509
	ssl.keystore.certificate.chain = null
	ssl.keystore.key = null
	ssl.keystore.location = null
	ssl.keystore.password = null
	ssl.keystore.type = JKS
	ssl.protocol = TLSv1.3
	ssl.provider = null
	ssl.secure.random.implementation = null
	ssl.trustmanager.algorithm = PKIX
	ssl.truststore.certificates = null
	ssl.truststore.location = null
	ssl.truststore.password = null
	ssl.truststore.type = JKS
	transaction.timeout.ms = 60000
	transactional.id = null
	value.serializer = class org.apache.kafka.common.serialization.ByteArraySerializer
 (org.apache.kafka.clients.producer.ProducerConfig:371)
[2026-05-11 15:08:12,399] INFO initializing Kafka metrics collector (org.apache.kafka.common.telemetry.internals.KafkaMetricsCollector:270)
[2026-05-11 15:08:12,406] INFO These configurations '[config.storage.topic, metrics.context.connect.group.id, status.storage.topic, group.id, plugin.path, config.storage.replication.factor, key.converter.schemas.enable, metrics.context.connect.kafka.cluster.id, status.storage.replication.factor, value.converter.schemas.enable, offset.storage.replication.factor, offset.storage.topic, value.converter, key.converter]' were supplied but are not used yet. (org.apache.kafka.clients.producer.ProducerConfig:380)
[2026-05-11 15:08:12,408] INFO Kafka version: 3.9.2 (org.apache.kafka.common.utils.AppInfoParser:125)
[2026-05-11 15:08:12,410] INFO Kafka commitId: 5e9866f43ab8e7e4 (org.apache.kafka.common.utils.AppInfoParser:126)
[2026-05-11 15:08:12,411] INFO Kafka startTimeMs: 1778492292407 (org.apache.kafka.common.utils.AppInfoParser:127)
[2026-05-11 15:08:12,413] INFO ConsumerConfig values: 
	allow.auto.create.topics = true
	auto.commit.interval.ms = 5000
	auto.include.jmx.reporter = true
	auto.offset.reset = earliest
	bootstrap.servers = [localhost:9092]
	check.crcs = true
	client.dns.lookup = use_all_dns_ips
	client.id = connect-cluster-configs
	client.rack = 
	connections.max.idle.ms = 540000
	default.api.timeout.ms = 60000
	enable.auto.commit = false
	enable.metrics.push = true
	exclude.internal.topics = true
	fetch.max.bytes = 52428800
	fetch.max.wait.ms = 500
	fetch.min.bytes = 1
	group.id = connect-cluster
	group.instance.id = null
	group.protocol = classic
	group.remote.assignor = null
	heartbeat.interval.ms = 3000
	interceptor.classes = []
	internal.leave.group.on.close = true
	internal.throw.on.fetch.stable.offset.unsupported = false
	isolation.level = read_uncommitted
	key.deserializer = class org.apache.kafka.common.serialization.StringDeserializer
	max.partition.fetch.bytes = 1048576
	max.poll.interval.ms = 300000
	max.poll.records = 500
	metadata.max.age.ms = 300000
	metadata.recovery.strategy = none
	metric.reporters = []
	metrics.num.samples = 2
	metrics.recording.level = INFO
	metrics.sample.window.ms = 30000
	partition.assignment.strategy = [class org.apache.kafka.clients.consumer.RangeAssignor, class org.apache.kafka.clients.consumer.CooperativeStickyAssignor]
	receive.buffer.bytes = 65536
	reconnect.backoff.max.ms = 1000
	reconnect.backoff.ms = 50
	request.timeout.ms = 30000
	retry.backoff.max.ms = 1000
	retry.backoff.ms = 100
	sasl.client.callback.handler.class = null
	sasl.jaas.config = null
	sasl.kerberos.kinit.cmd = /usr/bin/kinit
	sasl.kerberos.min.time.before.relogin = 60000
	sasl.kerberos.service.name = null
	sasl.kerberos.ticket.renew.jitter = 0.05
	sasl.kerberos.ticket.renew.window.factor = 0.8
	sasl.login.callback.handler.class = null
	sasl.login.class = null
	sasl.login.connect.timeout.ms = null
	sasl.login.read.timeout.ms = null
	sasl.login.refresh.buffer.seconds = 300
	sasl.login.refresh.min.period.seconds = 60
	sasl.login.refresh.window.factor = 0.8
	sasl.login.refresh.window.jitter = 0.05
	sasl.login.retry.backoff.max.ms = 10000
	sasl.login.retry.backoff.ms = 100
	sasl.mechanism = GSSAPI
	sasl.oauthbearer.clock.skew.seconds = 30
	sasl.oauthbearer.expected.audience = null
	sasl.oauthbearer.expected.issuer = null
	sasl.oauthbearer.header.urlencode = false
	sasl.oauthbearer.jwks.endpoint.refresh.ms = 3600000
	sasl.oauthbearer.jwks.endpoint.retry.backoff.max.ms = 10000
	sasl.oauthbearer.jwks.endpoint.retry.backoff.ms = 100
	sasl.oauthbearer.jwks.endpoint.url = null
	sasl.oauthbearer.scope.claim.name = scope
	sasl.oauthbearer.sub.claim.name = sub
	sasl.oauthbearer.token.endpoint.url = null
	security.protocol = PLAINTEXT
	security.providers = null
	send.buffer.bytes = 131072
	session.timeout.ms = 45000
	socket.connection.setup.timeout.max.ms = 30000
	socket.connection.setup.timeout.ms = 10000
	ssl.cipher.suites = null
	ssl.enabled.protocols = [TLSv1.2, TLSv1.3]
	ssl.endpoint.identification.algorithm = https
	ssl.engine.factory.class = null
	ssl.key.password = null
	ssl.keymanager.algorithm = SunX509
	ssl.keystore.certificate.chain = null
	ssl.keystore.key = null
	ssl.keystore.location = null
	ssl.keystore.password = null
	ssl.keystore.type = JKS
	ssl.protocol = TLSv1.3
	ssl.provider = null
	ssl.secure.random.implementation = null
	ssl.trustmanager.algorithm = PKIX
	ssl.truststore.certificates = null
	ssl.truststore.location = null
	ssl.truststore.password = null
	ssl.truststore.type = JKS
	value.deserializer = class org.apache.kafka.common.serialization.ByteArrayDeserializer
 (org.apache.kafka.clients.consumer.ConsumerConfig:371)
[2026-05-11 15:08:12,415] INFO initializing Kafka metrics collector (org.apache.kafka.common.telemetry.internals.KafkaMetricsCollector:270)
[2026-05-11 15:08:12,418] INFO [Producer clientId=connect-cluster-configs] Cluster ID: ti3G0LYJQcK3B56AzdUxRQ (org.apache.kafka.clients.Metadata:365)
[2026-05-11 15:08:12,424] INFO These configurations '[config.storage.topic, metrics.context.connect.group.id, status.storage.topic, plugin.path, config.storage.replication.factor, key.converter.schemas.enable, metrics.context.connect.kafka.cluster.id, status.storage.replication.factor, value.converter.schemas.enable, offset.storage.replication.factor, offset.storage.topic, value.converter, key.converter]' were supplied but are not used yet. (org.apache.kafka.clients.consumer.ConsumerConfig:380)
[2026-05-11 15:08:12,425] INFO Kafka version: 3.9.2 (org.apache.kafka.common.utils.AppInfoParser:125)
[2026-05-11 15:08:12,426] INFO Kafka commitId: 5e9866f43ab8e7e4 (org.apache.kafka.common.utils.AppInfoParser:126)
[2026-05-11 15:08:12,428] INFO Kafka startTimeMs: 1778492292425 (org.apache.kafka.common.utils.AppInfoParser:127)
[2026-05-11 15:08:12,440] INFO [Consumer clientId=connect-cluster-configs, groupId=connect-cluster] Cluster ID: ti3G0LYJQcK3B56AzdUxRQ (org.apache.kafka.clients.Metadata:365)
[2026-05-11 15:08:12,442] INFO [Consumer clientId=connect-cluster-configs, groupId=connect-cluster] Assigned to partition(s): connect-configs-0 (org.apache.kafka.clients.consumer.internals.ClassicKafkaConsumer:579)
[2026-05-11 15:08:12,443] INFO [Consumer clientId=connect-cluster-configs, groupId=connect-cluster] Seeking to earliest offset of partition connect-configs-0 (org.apache.kafka.clients.consumer.internals.SubscriptionState:715)
[2026-05-11 15:08:12,460] INFO [Consumer clientId=connect-cluster-configs, groupId=connect-cluster] Resetting offset for partition connect-configs-0 to position FetchPosition{offset=0, offsetEpoch=Optional.empty, currentLeader=LeaderAndEpoch{leader=Optional[localhost:9092 (id: 1 rack: null)], epoch=0}}. (org.apache.kafka.clients.consumer.internals.SubscriptionState:407)
[2026-05-11 15:08:12,461] INFO Finished reading KafkaBasedLog for topic connect-configs (org.apache.kafka.connect.util.KafkaBasedLog:311)
[2026-05-11 15:08:12,462] INFO Started KafkaBasedLog for topic connect-configs (org.apache.kafka.connect.util.KafkaBasedLog:313)
[2026-05-11 15:08:12,464] INFO Started KafkaConfigBackingStore (org.apache.kafka.connect.storage.KafkaConfigBackingStore:402)
[2026-05-11 15:08:12,490] INFO [Worker clientId=connect-127.0.1.1:8083, groupId=connect-cluster] Cluster ID: ti3G0LYJQcK3B56AzdUxRQ (org.apache.kafka.clients.Metadata:365)
[2026-05-11 15:08:12,493] INFO [Worker clientId=connect-127.0.1.1:8083, groupId=connect-cluster] Discovered group coordinator localhost:9092 (id: 2147483646 rack: null) (org.apache.kafka.connect.runtime.distributed.WorkerCoordinator:937)
[2026-05-11 15:08:12,499] INFO [Worker clientId=connect-127.0.1.1:8083, groupId=connect-cluster] Rebalance started (org.apache.kafka.connect.runtime.distributed.WorkerCoordinator:243)
[2026-05-11 15:08:12,503] INFO [Worker clientId=connect-127.0.1.1:8083, groupId=connect-cluster] (Re-)joining group (org.apache.kafka.connect.runtime.distributed.WorkerCoordinator:605)
[2026-05-11 15:08:12,532] INFO [Worker clientId=connect-127.0.1.1:8083, groupId=connect-cluster] (Re-)joining group (org.apache.kafka.connect.runtime.distributed.WorkerCoordinator:605)
[2026-05-11 15:08:13,114] INFO Started o.e.j.s.ServletContextHandler@37496720{/,null,AVAILABLE} (org.eclipse.jetty.server.handler.ContextHandler:921)
[2026-05-11 15:08:13,115] INFO REST resources initialized; server is started and ready to handle requests (org.apache.kafka.connect.runtime.rest.RestServer:303)
[2026-05-11 15:08:13,116] INFO Kafka Connect started (org.apache.kafka.connect.runtime.Connect:77)
[2026-05-11 15:08:15,540] INFO [Worker clientId=connect-127.0.1.1:8083, groupId=connect-cluster] Successfully joined group with generation Generation{generationId=1, memberId='connect-127.0.1.1:8083-18ba6d43-9863-4e6d-99b6-9f20bdb1430a', protocol='sessioned'} (org.apache.kafka.connect.runtime.distributed.WorkerCoordinator:666)
[2026-05-11 15:08:15,567] INFO [Worker clientId=connect-127.0.1.1:8083, groupId=connect-cluster] Successfully synced group in generation Generation{generationId=1, memberId='connect-127.0.1.1:8083-18ba6d43-9863-4e6d-99b6-9f20bdb1430a', protocol='sessioned'} (org.apache.kafka.connect.runtime.distributed.WorkerCoordinator:843)
[2026-05-11 15:08:15,568] INFO [Worker clientId=connect-127.0.1.1:8083, groupId=connect-cluster] Joined group at generation 1 with protocol version 2 and got assignment: Assignment{error=0, leader='connect-127.0.1.1:8083-18ba6d43-9863-4e6d-99b6-9f20bdb1430a', leaderUrl='http://127.0.1.1:8083/', offset=-1, connectorIds=[], taskIds=[], revokedConnectorIds=[], revokedTaskIds=[], delay=0} with rebalance delay: 0 (org.apache.kafka.connect.runtime.distributed.DistributedHerder:2650)
[2026-05-11 15:08:15,569] INFO [Worker clientId=connect-127.0.1.1:8083, groupId=connect-cluster] Herder started (org.apache.kafka.connect.runtime.distributed.DistributedHerder:389)
[2026-05-11 15:08:15,569] INFO [Worker clientId=connect-127.0.1.1:8083, groupId=connect-cluster] Starting connectors and tasks using config offset -1 (org.apache.kafka.connect.runtime.distributed.DistributedHerder:1981)
[2026-05-11 15:08:15,570] INFO [Worker clientId=connect-127.0.1.1:8083, groupId=connect-cluster] Finished starting connectors and tasks (org.apache.kafka.connect.runtime.distributed.DistributedHerder:2010)
[2026-05-11 15:08:15,730] INFO [Worker clientId=connect-127.0.1.1:8083, groupId=connect-cluster] Session key updated (org.apache.kafka.connect.runtime.distributed.DistributedHerder:2512)
[2026-05-11 15:14:36,903] INFO AbstractConfig values: 
 (org.apache.kafka.common.config.AbstractConfig:371)
[2026-05-11 15:14:36,921] INFO [Worker clientId=connect-127.0.1.1:8083, groupId=connect-cluster] Connector api-source-demo config updated (org.apache.kafka.connect.runtime.distributed.DistributedHerder:2450)
[2026-05-11 15:14:36,924] INFO [Worker clientId=connect-127.0.1.1:8083, groupId=connect-cluster] Rebalance started (org.apache.kafka.connect.runtime.distributed.WorkerCoordinator:243)
[2026-05-11 15:14:36,924] INFO [Worker clientId=connect-127.0.1.1:8083, groupId=connect-cluster] (Re-)joining group (org.apache.kafka.connect.runtime.distributed.WorkerCoordinator:605)
[2026-05-11 15:14:36,928] INFO [Worker clientId=connect-127.0.1.1:8083, groupId=connect-cluster] Successfully joined group with generation Generation{generationId=2, memberId='connect-127.0.1.1:8083-18ba6d43-9863-4e6d-99b6-9f20bdb1430a', protocol='sessioned'} (org.apache.kafka.connect.runtime.distributed.WorkerCoordinator:666)
[2026-05-11 15:14:36,938] INFO [Worker clientId=connect-127.0.1.1:8083, groupId=connect-cluster] Successfully synced group in generation Generation{generationId=2, memberId='connect-127.0.1.1:8083-18ba6d43-9863-4e6d-99b6-9f20bdb1430a', protocol='sessioned'} (org.apache.kafka.connect.runtime.distributed.WorkerCoordinator:843)
[2026-05-11 15:14:36,939] INFO [Worker clientId=connect-127.0.1.1:8083, groupId=connect-cluster] Joined group at generation 2 with protocol version 2 and got assignment: Assignment{error=0, leader='connect-127.0.1.1:8083-18ba6d43-9863-4e6d-99b6-9f20bdb1430a', leaderUrl='http://127.0.1.1:8083/', offset=2, connectorIds=[api-source-demo], taskIds=[], revokedConnectorIds=[], revokedTaskIds=[], delay=0} with rebalance delay: 0 (org.apache.kafka.connect.runtime.distributed.DistributedHerder:2650)
[2026-05-11 15:14:36,940] INFO [Worker clientId=connect-127.0.1.1:8083, groupId=connect-cluster] Starting connectors and tasks using config offset 2 (org.apache.kafka.connect.runtime.distributed.DistributedHerder:1981)
[2026-05-11 15:14:36,942] INFO [Worker clientId=connect-127.0.1.1:8083, groupId=connect-cluster] Starting connector api-source-demo (org.apache.kafka.connect.runtime.distributed.DistributedHerder:2099)
[2026-05-11 15:14:36,950] INFO [api-source-demo|worker] Creating connector api-source-demo of type org.apache.kafka.connect.file.FileStreamSourceConnector (org.apache.kafka.connect.runtime.Worker:313)
[2026-05-11 15:14:36,951] INFO [api-source-demo|worker] SourceConnectorConfig values: 
	config.action.reload = restart
	connector.class = org.apache.kafka.connect.file.FileStreamSourceConnector
	errors.log.enable = false
	errors.log.include.messages = false
	errors.retry.delay.max.ms = 60000
	errors.retry.timeout = 0
	errors.tolerance = none
	exactly.once.support = requested
	header.converter = null
	key.converter = null
	name = api-source-demo
	offsets.storage.topic = null
	predicates = []
	tasks.max = 1
	tasks.max.enforce = true
	topic.creation.groups = []
	transaction.boundary = poll
	transaction.boundary.interval.ms = null
	transforms = []
	value.converter = null
 (org.apache.kafka.connect.runtime.SourceConnectorConfig:371)
[2026-05-11 15:14:36,953] INFO [api-source-demo|worker] EnrichedConnectorConfig values: 
	config.action.reload = restart
	connector.class = org.apache.kafka.connect.file.FileStreamSourceConnector
	errors.log.enable = false
	errors.log.include.messages = false
	errors.retry.delay.max.ms = 60000
	errors.retry.timeout = 0
	errors.tolerance = none
	exactly.once.support = requested
	header.converter = null
	key.converter = null
	name = api-source-demo
	offsets.storage.topic = null
	predicates = []
	tasks.max = 1
	tasks.max.enforce = true
	topic.creation.groups = []
	transaction.boundary = poll
	transaction.boundary.interval.ms = null
	transforms = []
	value.converter = null
 (org.apache.kafka.connect.runtime.ConnectorConfig$EnrichedConnectorConfig:371)
[2026-05-11 15:14:36,962] INFO [api-source-demo|worker] Instantiated connector api-source-demo with version 3.9.2 of type class org.apache.kafka.connect.file.FileStreamSourceConnector (org.apache.kafka.connect.runtime.Worker:335)
[2026-05-11 15:14:36,964] INFO [api-source-demo|worker] Finished creating connector api-source-demo (org.apache.kafka.connect.runtime.Worker:356)
[2026-05-11 15:14:36,965] INFO [Worker clientId=connect-127.0.1.1:8083, groupId=connect-cluster] Finished starting connectors and tasks (org.apache.kafka.connect.runtime.distributed.DistributedHerder:2010)
[2026-05-11 15:14:36,969] INFO [api-source-demo|worker] AbstractConfig values: 
	batch.size = 2000
	file = input.txt
	topic = api-topic
 (org.apache.kafka.common.config.AbstractConfig:371)
[2026-05-11 15:14:36,971] INFO [api-source-demo|worker] Starting file source connector reading from input.txt (org.apache.kafka.connect.file.FileStreamSourceConnector:70)
[2026-05-11 15:14:36,985] INFO SourceConnectorConfig values: 
	config.action.reload = restart
	connector.class = org.apache.kafka.connect.file.FileStreamSourceConnector
	errors.log.enable = false
	errors.log.include.messages = false
	errors.retry.delay.max.ms = 60000
	errors.retry.timeout = 0
	errors.tolerance = none
	exactly.once.support = requested
	header.converter = null
	key.converter = null
	name = api-source-demo
	offsets.storage.topic = null
	predicates = []
	tasks.max = 1
	tasks.max.enforce = true
	topic.creation.groups = []
	transaction.boundary = poll
	transaction.boundary.interval.ms = null
	transforms = []
	value.converter = null
 (org.apache.kafka.connect.runtime.SourceConnectorConfig:371)
[2026-05-11 15:14:36,988] INFO EnrichedConnectorConfig values: 
	config.action.reload = restart
	connector.class = org.apache.kafka.connect.file.FileStreamSourceConnector
	errors.log.enable = false
	errors.log.include.messages = false
	errors.retry.delay.max.ms = 60000
	errors.retry.timeout = 0
	errors.tolerance = none
	exactly.once.support = requested
	header.converter = null
	key.converter = null
	name = api-source-demo
	offsets.storage.topic = null
	predicates = []
	tasks.max = 1
	tasks.max.enforce = true
	topic.creation.groups = []
	transaction.boundary = poll
	transaction.boundary.interval.ms = null
	transforms = []
	value.converter = null
 (org.apache.kafka.connect.runtime.ConnectorConfig$EnrichedConnectorConfig:371)
[2026-05-11 15:14:37,019] INFO [Worker clientId=connect-127.0.1.1:8083, groupId=connect-cluster] Tasks [api-source-demo-0] configs updated (org.apache.kafka.connect.runtime.distributed.DistributedHerder:2469)
[2026-05-11 15:14:37,025] INFO [Worker clientId=connect-127.0.1.1:8083, groupId=connect-cluster] Rebalance started (org.apache.kafka.connect.runtime.distributed.WorkerCoordinator:243)
[2026-05-11 15:14:37,028] INFO [Worker clientId=connect-127.0.1.1:8083, groupId=connect-cluster] (Re-)joining group (org.apache.kafka.connect.runtime.distributed.WorkerCoordinator:605)
[2026-05-11 15:14:37,032] INFO [Worker clientId=connect-127.0.1.1:8083, groupId=connect-cluster] Successfully joined group with generation Generation{generationId=3, memberId='connect-127.0.1.1:8083-18ba6d43-9863-4e6d-99b6-9f20bdb1430a', protocol='sessioned'} (org.apache.kafka.connect.runtime.distributed.WorkerCoordinator:666)
[2026-05-11 15:14:37,045] INFO [Worker clientId=connect-127.0.1.1:8083, groupId=connect-cluster] Successfully synced group in generation Generation{generationId=3, memberId='connect-127.0.1.1:8083-18ba6d43-9863-4e6d-99b6-9f20bdb1430a', protocol='sessioned'} (org.apache.kafka.connect.runtime.distributed.WorkerCoordinator:843)
[2026-05-11 15:14:37,047] INFO [Worker clientId=connect-127.0.1.1:8083, groupId=connect-cluster] Joined group at generation 3 with protocol version 2 and got assignment: Assignment{error=0, leader='connect-127.0.1.1:8083-18ba6d43-9863-4e6d-99b6-9f20bdb1430a', leaderUrl='http://127.0.1.1:8083/', offset=4, connectorIds=[api-source-demo], taskIds=[api-source-demo-0], revokedConnectorIds=[], revokedTaskIds=[], delay=0} with rebalance delay: 0 (org.apache.kafka.connect.runtime.distributed.DistributedHerder:2650)
[2026-05-11 15:14:37,050] INFO [Worker clientId=connect-127.0.1.1:8083, groupId=connect-cluster] Starting connectors and tasks using config offset 4 (org.apache.kafka.connect.runtime.distributed.DistributedHerder:1981)
[2026-05-11 15:14:37,052] INFO [Worker clientId=connect-127.0.1.1:8083, groupId=connect-cluster] Starting task api-source-demo-0 (org.apache.kafka.connect.runtime.distributed.DistributedHerder:2024)
[2026-05-11 15:14:37,058] INFO 127.0.0.1 - - [11/May/2026:09:44:36 +0000] "POST /connectors HTTP/1.1" 201 220 "-" "curl/7.81.0" 415 (org.apache.kafka.connect.runtime.rest.RestServer:62)
[2026-05-11 15:14:37,068] INFO [api-source-demo|task-0] Creating task api-source-demo-0 (org.apache.kafka.connect.runtime.Worker:646)
[2026-05-11 15:14:37,072] INFO [api-source-demo|task-0] ConnectorConfig values: 
	config.action.reload = restart
	connector.class = org.apache.kafka.connect.file.FileStreamSourceConnector
	errors.log.enable = false
	errors.log.include.messages = false
	errors.retry.delay.max.ms = 60000
	errors.retry.timeout = 0
	errors.tolerance = none
	header.converter = null
	key.converter = null
	name = api-source-demo
	predicates = []
	tasks.max = 1
	tasks.max.enforce = true
	transforms = []
	value.converter = null
 (org.apache.kafka.connect.runtime.ConnectorConfig:371)
[2026-05-11 15:14:37,072] INFO [api-source-demo|task-0] EnrichedConnectorConfig values: 
	config.action.reload = restart
	connector.class = org.apache.kafka.connect.file.FileStreamSourceConnector
	errors.log.enable = false
	errors.log.include.messages = false
	errors.retry.delay.max.ms = 60000
	errors.retry.timeout = 0
	errors.tolerance = none
	header.converter = null
	key.converter = null
	name = api-source-demo
	predicates = []
	tasks.max = 1
	tasks.max.enforce = true
	transforms = []
	value.converter = null
 (org.apache.kafka.connect.runtime.ConnectorConfig$EnrichedConnectorConfig:371)
[2026-05-11 15:14:37,075] INFO [api-source-demo|task-0] TaskConfig values: 
	task.class = class org.apache.kafka.connect.file.FileStreamSourceTask
 (org.apache.kafka.connect.runtime.TaskConfig:371)
[2026-05-11 15:14:37,077] INFO [api-source-demo|task-0] Instantiated task api-source-demo-0 with version 3.9.2 of type org.apache.kafka.connect.file.FileStreamSourceTask (org.apache.kafka.connect.runtime.Worker:665)
[2026-05-11 15:14:37,082] INFO [api-source-demo|task-0] StringConverterConfig values: 
	converter.encoding = UTF-8
	converter.type = key
 (org.apache.kafka.connect.storage.StringConverterConfig:371)
[2026-05-11 15:14:37,083] INFO [api-source-demo|task-0] Set up the key converter class org.apache.kafka.connect.storage.StringConverter for task api-source-demo-0 using the worker config (org.apache.kafka.connect.runtime.Worker:678)
[2026-05-11 15:14:37,084] INFO [api-source-demo|task-0] StringConverterConfig values: 
	converter.encoding = UTF-8
	converter.type = value
 (org.apache.kafka.connect.storage.StringConverterConfig:371)
[2026-05-11 15:14:37,087] INFO [api-source-demo|task-0] Set up the value converter class org.apache.kafka.connect.storage.StringConverter for task api-source-demo-0 using the worker config (org.apache.kafka.connect.runtime.Worker:684)
[2026-05-11 15:14:37,089] INFO [api-source-demo|task-0] Set up the header converter class org.apache.kafka.connect.storage.SimpleHeaderConverter for task api-source-demo-0 using the worker config (org.apache.kafka.connect.runtime.Worker:691)
[2026-05-11 15:14:37,097] INFO [api-source-demo|task-0] Initializing: org.apache.kafka.connect.runtime.TransformationChain{} (org.apache.kafka.connect.runtime.Worker:1795)
[2026-05-11 15:14:37,098] INFO [api-source-demo|task-0] SourceConnectorConfig values: 
	config.action.reload = restart
	connector.class = org.apache.kafka.connect.file.FileStreamSourceConnector
	errors.log.enable = false
	errors.log.include.messages = false
	errors.retry.delay.max.ms = 60000
	errors.retry.timeout = 0
	errors.tolerance = none
	exactly.once.support = requested
	header.converter = null
	key.converter = null
	name = api-source-demo
	offsets.storage.topic = null
	predicates = []
	tasks.max = 1
	tasks.max.enforce = true
	topic.creation.groups = []
	transaction.boundary = poll
	transaction.boundary.interval.ms = null
	transforms = []
	value.converter = null
 (org.apache.kafka.connect.runtime.SourceConnectorConfig:371)
[2026-05-11 15:14:37,099] INFO [api-source-demo|task-0] EnrichedConnectorConfig values: 
	config.action.reload = restart
	connector.class = org.apache.kafka.connect.file.FileStreamSourceConnector
	errors.log.enable = false
	errors.log.include.messages = false
	errors.retry.delay.max.ms = 60000
	errors.retry.timeout = 0
	errors.tolerance = none
	exactly.once.support = requested
	header.converter = null
	key.converter = null
	name = api-source-demo
	offsets.storage.topic = null
	predicates = []
	tasks.max = 1
	tasks.max.enforce = true
	topic.creation.groups = []
	transaction.boundary = poll
	transaction.boundary.interval.ms = null
	transforms = []
	value.converter = null
 (org.apache.kafka.connect.runtime.ConnectorConfig$EnrichedConnectorConfig:371)
[2026-05-11 15:14:37,100] INFO [api-source-demo|task-0] ProducerConfig values: 
	acks = -1
	auto.include.jmx.reporter = true
	batch.size = 16384
	bootstrap.servers = [localhost:9092]
	buffer.memory = 33554432
	client.dns.lookup = use_all_dns_ips
	client.id = connector-producer-api-source-demo-0
	compression.gzip.level = -1
	compression.lz4.level = 9
	compression.type = none
	compression.zstd.level = 3
	connections.max.idle.ms = 540000
	delivery.timeout.ms = 2147483647
	enable.idempotence = false
	enable.metrics.push = true
	interceptor.classes = []
	key.serializer = class org.apache.kafka.common.serialization.ByteArraySerializer
	linger.ms = 0
	max.block.ms = 9223372036854775807
	max.in.flight.requests.per.connection = 1
	max.request.size = 1048576
	metadata.max.age.ms = 300000
	metadata.max.idle.ms = 300000
	metadata.recovery.strategy = none
	metric.reporters = []
	metrics.num.samples = 2
	metrics.recording.level = INFO
	metrics.sample.window.ms = 30000
	partitioner.adaptive.partitioning.enable = true
	partitioner.availability.timeout.ms = 0
	partitioner.class = null
	partitioner.ignore.keys = false
	receive.buffer.bytes = 32768
	reconnect.backoff.max.ms = 1000
	reconnect.backoff.ms = 50
	request.timeout.ms = 30000
	retries = 2147483647
	retry.backoff.max.ms = 1000
	retry.backoff.ms = 100
	sasl.client.callback.handler.class = null
	sasl.jaas.config = null
	sasl.kerberos.kinit.cmd = /usr/bin/kinit
	sasl.kerberos.min.time.before.relogin = 60000
	sasl.kerberos.service.name = null
	sasl.kerberos.ticket.renew.jitter = 0.05
	sasl.kerberos.ticket.renew.window.factor = 0.8
	sasl.login.callback.handler.class = null
	sasl.login.class = null
	sasl.login.connect.timeout.ms = null
	sasl.login.read.timeout.ms = null
	sasl.login.refresh.buffer.seconds = 300
	sasl.login.refresh.min.period.seconds = 60
	sasl.login.refresh.window.factor = 0.8
	sasl.login.refresh.window.jitter = 0.05
	sasl.login.retry.backoff.max.ms = 10000
	sasl.login.retry.backoff.ms = 100
	sasl.mechanism = GSSAPI
	sasl.oauthbearer.clock.skew.seconds = 30
	sasl.oauthbearer.expected.audience = null
	sasl.oauthbearer.expected.issuer = null
	sasl.oauthbearer.header.urlencode = false
	sasl.oauthbearer.jwks.endpoint.refresh.ms = 3600000
	sasl.oauthbearer.jwks.endpoint.retry.backoff.max.ms = 10000
	sasl.oauthbearer.jwks.endpoint.retry.backoff.ms = 100
	sasl.oauthbearer.jwks.endpoint.url = null
	sasl.oauthbearer.scope.claim.name = scope
	sasl.oauthbearer.sub.claim.name = sub
	sasl.oauthbearer.token.endpoint.url = null
	security.protocol = PLAINTEXT
	security.providers = null
	send.buffer.bytes = 131072
	socket.connection.setup.timeout.max.ms = 30000
	socket.connection.setup.timeout.ms = 10000
	ssl.cipher.suites = null
	ssl.enabled.protocols = [TLSv1.2, TLSv1.3]
	ssl.endpoint.identification.algorithm = https
	ssl.engine.factory.class = null
	ssl.key.password = null
	ssl.keymanager.algorithm = SunX509
	ssl.keystore.certificate.chain = null
	ssl.keystore.key = null
	ssl.keystore.location = null
	ssl.keystore.password = null
	ssl.keystore.type = JKS
	ssl.protocol = TLSv1.3
	ssl.provider = null
	ssl.secure.random.implementation = null
	ssl.trustmanager.algorithm = PKIX
	ssl.truststore.certificates = null
	ssl.truststore.location = null
	ssl.truststore.password = null
	ssl.truststore.type = JKS
	transaction.timeout.ms = 60000
	transactional.id = null
	value.serializer = class org.apache.kafka.common.serialization.ByteArraySerializer
 (org.apache.kafka.clients.producer.ProducerConfig:371)
[2026-05-11 15:14:37,104] INFO [api-source-demo|task-0] initializing Kafka metrics collector (org.apache.kafka.common.telemetry.internals.KafkaMetricsCollector:270)
[2026-05-11 15:14:37,111] INFO [api-source-demo|task-0] These configurations '[metrics.context.connect.kafka.cluster.id, metrics.context.connect.group.id]' were supplied but are not used yet. (org.apache.kafka.clients.producer.ProducerConfig:380)
[2026-05-11 15:14:37,112] INFO [api-source-demo|task-0] Kafka version: 3.9.2 (org.apache.kafka.common.utils.AppInfoParser:125)
[2026-05-11 15:14:37,113] INFO [api-source-demo|task-0] Kafka commitId: 5e9866f43ab8e7e4 (org.apache.kafka.common.utils.AppInfoParser:126)
[2026-05-11 15:14:37,116] INFO [api-source-demo|task-0] Kafka startTimeMs: 1778492677112 (org.apache.kafka.common.utils.AppInfoParser:127)
[2026-05-11 15:14:37,121] INFO [api-source-demo|task-0] [Producer clientId=connector-producer-api-source-demo-0] Cluster ID: ti3G0LYJQcK3B56AzdUxRQ (org.apache.kafka.clients.Metadata:365)
[2026-05-11 15:14:37,147] INFO [Worker clientId=connect-127.0.1.1:8083, groupId=connect-cluster] Finished starting connectors and tasks (org.apache.kafka.connect.runtime.distributed.DistributedHerder:2010)
[2026-05-11 15:14:37,148] INFO [api-source-demo|task-0] AbstractConfig values: 
	batch.size = 2000
	file = input.txt
	topic = api-topic
 (org.apache.kafka.common.config.AbstractConfig:371)
[2026-05-11 15:14:37,150] INFO [api-source-demo|task-0] WorkerSourceTask{id=api-source-demo-0} Source task finished initialization and start (org.apache.kafka.connect.runtime.AbstractWorkerSourceTask:280)
[2026-05-11 15:14:37,195] WARN [api-source-demo|task-0] [Producer clientId=connector-producer-api-source-demo-0] The metadata response from the cluster reported a recoverable issue with correlation id 4 : {api-topic=UNKNOWN_TOPIC_OR_PARTITION} (org.apache.kafka.clients.NetworkClient:1218)
[2026-05-11 15:15:37,147] INFO [api-source-demo|task-0|offsets] WorkerSourceTask{id=api-source-demo-0} Committing offsets for 1 acknowledged messages (org.apache.kafka.connect.runtime.WorkerSourceTask:236)
[2026-05-11 15:16:37,162] INFO [api-source-demo|task-0|offsets] WorkerSourceTask{id=api-source-demo-0} Committing offsets for 2 acknowledged messages (org.apache.kafka.connect.runtime.WorkerSourceTask:236)
[2026-05-11 15:18:20,330] INFO 127.0.0.1 - - [11/May/2026:09:48:20 +0000] "GET /connectors HTTP/1.1" 200 19 "-" "curl/7.81.0" 28 (org.apache.kafka.connect.runtime.rest.RestServer:62)
[2026-05-11 15:18:37,465] INFO 127.0.0.1 - - [11/May/2026:09:48:37 +0000] "GET /connectors/api-source-demo/status HTTP/1.1" 200 169 "-" "curl/7.81.0" 29 (org.apache.kafka.connect.runtime.rest.RestServer:62)
[2026-05-11 15:22:26,376] INFO AbstractConfig values: 
 (org.apache.kafka.common.config.AbstractConfig:371)
[2026-05-11 15:22:26,398] INFO [Worker clientId=connect-127.0.1.1:8083, groupId=connect-cluster] Connector api-source-demo config updated (org.apache.kafka.connect.runtime.distributed.DistributedHerder:2450)
[2026-05-11 15:22:26,400] INFO [Worker clientId=connect-127.0.1.1:8083, groupId=connect-cluster] Handling connector-only config update by restarting connector api-source-demo (org.apache.kafka.connect.runtime.distributed.DistributedHerder:728)
[2026-05-11 15:22:26,402] INFO [api-source-demo|worker] Stopping connector api-source-demo (org.apache.kafka.connect.runtime.Worker:452)
[2026-05-11 15:22:26,403] INFO [api-source-demo|worker] Scheduled shutdown for WorkerConnector{id=api-source-demo} (org.apache.kafka.connect.runtime.WorkerConnector:295)
[2026-05-11 15:22:26,406] INFO [api-source-demo|worker] Completed shutdown for WorkerConnector{id=api-source-demo} (org.apache.kafka.connect.runtime.WorkerConnector:315)
[2026-05-11 15:22:26,432] INFO 127.0.0.1 - - [11/May/2026:09:52:26 +0000] "PUT /connectors/api-source-demo/config HTTP/1.1" 200 260 "-" "curl/7.81.0" 66 (org.apache.kafka.connect.runtime.rest.RestServer:62)
[2026-05-11 15:22:26,433] INFO [Worker clientId=connect-127.0.1.1:8083, groupId=connect-cluster] Starting connector api-source-demo (org.apache.kafka.connect.runtime.distributed.DistributedHerder:2099)
[2026-05-11 15:22:26,438] INFO [api-source-demo|worker] Creating connector api-source-demo of type org.apache.kafka.connect.file.FileStreamSourceConnector (org.apache.kafka.connect.runtime.Worker:313)
[2026-05-11 15:22:26,441] INFO [api-source-demo|worker] SourceConnectorConfig values: 
	config.action.reload = restart
	connector.class = org.apache.kafka.connect.file.FileStreamSourceConnector
	errors.log.enable = false
	errors.log.include.messages = false
	errors.retry.delay.max.ms = 60000
	errors.retry.timeout = 0
	errors.tolerance = none
	exactly.once.support = requested
	header.converter = null
	key.converter = null
	name = api-source-demo
	offsets.storage.topic = null
	predicates = []
	tasks.max = 2
	tasks.max.enforce = true
	topic.creation.groups = []
	transaction.boundary = poll
	transaction.boundary.interval.ms = null
	transforms = []
	value.converter = null
 (org.apache.kafka.connect.runtime.SourceConnectorConfig:371)
[2026-05-11 15:22:26,444] INFO [api-source-demo|worker] EnrichedConnectorConfig values: 
	config.action.reload = restart
	connector.class = org.apache.kafka.connect.file.FileStreamSourceConnector
	errors.log.enable = false
	errors.log.include.messages = false
	errors.retry.delay.max.ms = 60000
	errors.retry.timeout = 0
	errors.tolerance = none
	exactly.once.support = requested
	header.converter = null
	key.converter = null
	name = api-source-demo
	offsets.storage.topic = null
	predicates = []
	tasks.max = 2
	tasks.max.enforce = true
	topic.creation.groups = []
	transaction.boundary = poll
	transaction.boundary.interval.ms = null
	transforms = []
	value.converter = null
 (org.apache.kafka.connect.runtime.ConnectorConfig$EnrichedConnectorConfig:371)
[2026-05-11 15:22:26,447] INFO [api-source-demo|worker] Instantiated connector api-source-demo with version 3.9.2 of type class org.apache.kafka.connect.file.FileStreamSourceConnector (org.apache.kafka.connect.runtime.Worker:335)
[2026-05-11 15:22:26,449] INFO [api-source-demo|worker] Finished creating connector api-source-demo (org.apache.kafka.connect.runtime.Worker:356)
[2026-05-11 15:22:26,449] INFO [api-source-demo|worker] AbstractConfig values: 
	batch.size = 2000
	file = input.txt
	topic = api-topic
 (org.apache.kafka.common.config.AbstractConfig:371)
[2026-05-11 15:22:26,455] INFO [api-source-demo|worker] Starting file source connector reading from input.txt (org.apache.kafka.connect.file.FileStreamSourceConnector:70)
[2026-05-11 15:22:26,460] INFO SourceConnectorConfig values: 
	config.action.reload = restart
	connector.class = org.apache.kafka.connect.file.FileStreamSourceConnector
	errors.log.enable = false
	errors.log.include.messages = false
	errors.retry.delay.max.ms = 60000
	errors.retry.timeout = 0
	errors.tolerance = none
	exactly.once.support = requested
	header.converter = null
	key.converter = null
	name = api-source-demo
	offsets.storage.topic = null
	predicates = []
	tasks.max = 2
	tasks.max.enforce = true
	topic.creation.groups = []
	transaction.boundary = poll
	transaction.boundary.interval.ms = null
	transforms = []
	value.converter = null
 (org.apache.kafka.connect.runtime.SourceConnectorConfig:371)
[2026-05-11 15:22:26,462] INFO EnrichedConnectorConfig values: 
	config.action.reload = restart
	connector.class = org.apache.kafka.connect.file.FileStreamSourceConnector
	errors.log.enable = false
	errors.log.include.messages = false
	errors.retry.delay.max.ms = 60000
	errors.retry.timeout = 0
	errors.tolerance = none
	exactly.once.support = requested
	header.converter = null
	key.converter = null
	name = api-source-demo
	offsets.storage.topic = null
	predicates = []
	tasks.max = 2
	tasks.max.enforce = true
	topic.creation.groups = []
	transaction.boundary = poll
	transaction.boundary.interval.ms = null
	transforms = []
	value.converter = null
 (org.apache.kafka.connect.runtime.ConnectorConfig$EnrichedConnectorConfig:371)
[2026-05-11 15:22:26,493] INFO [Worker clientId=connect-127.0.1.1:8083, groupId=connect-cluster] Tasks [api-source-demo-0] configs updated (org.apache.kafka.connect.runtime.distributed.DistributedHerder:2469)
[2026-05-11 15:22:26,495] INFO [Worker clientId=connect-127.0.1.1:8083, groupId=connect-cluster] Handling task config update by stopping tasks [api-source-demo-0], which will be restarted after rebalance if still assigned to this worker (org.apache.kafka.connect.runtime.distributed.DistributedHerder:796)
[2026-05-11 15:22:26,496] INFO [api-source-demo|task-0] Stopping task api-source-demo-0 (org.apache.kafka.connect.runtime.Worker:1048)
[2026-05-11 15:22:26,873] INFO [api-source-demo|task-0] [Producer clientId=connector-producer-api-source-demo-0] Closing the Kafka producer with timeoutMillis = 30000 ms. (org.apache.kafka.clients.producer.KafkaProducer:1386)
[2026-05-11 15:22:26,881] INFO [api-source-demo|task-0] Metrics scheduler closed (org.apache.kafka.common.metrics.Metrics:685)
[2026-05-11 15:22:26,882] INFO [api-source-demo|task-0] Closing reporter org.apache.kafka.common.metrics.JmxReporter (org.apache.kafka.common.metrics.Metrics:689)
[2026-05-11 15:22:26,883] INFO [api-source-demo|task-0] Closing reporter org.apache.kafka.common.telemetry.internals.ClientTelemetryReporter (org.apache.kafka.common.metrics.Metrics:689)
[2026-05-11 15:22:26,884] INFO [api-source-demo|task-0] Metrics reporters closed (org.apache.kafka.common.metrics.Metrics:695)
[2026-05-11 15:22:26,885] INFO [api-source-demo|task-0] App info kafka.producer for connector-producer-api-source-demo-0 unregistered (org.apache.kafka.common.utils.AppInfoParser:89)
[2026-05-11 15:22:26,894] INFO [Worker clientId=connect-127.0.1.1:8083, groupId=connect-cluster] Rebalance started (org.apache.kafka.connect.runtime.distributed.WorkerCoordinator:243)
[2026-05-11 15:22:26,895] INFO [Worker clientId=connect-127.0.1.1:8083, groupId=connect-cluster] (Re-)joining group (org.apache.kafka.connect.runtime.distributed.WorkerCoordinator:605)
[2026-05-11 15:22:26,900] INFO [Worker clientId=connect-127.0.1.1:8083, groupId=connect-cluster] Successfully joined group with generation Generation{generationId=4, memberId='connect-127.0.1.1:8083-18ba6d43-9863-4e6d-99b6-9f20bdb1430a', protocol='sessioned'} (org.apache.kafka.connect.runtime.distributed.WorkerCoordinator:666)
[2026-05-11 15:22:26,910] INFO [Worker clientId=connect-127.0.1.1:8083, groupId=connect-cluster] Successfully synced group in generation Generation{generationId=4, memberId='connect-127.0.1.1:8083-18ba6d43-9863-4e6d-99b6-9f20bdb1430a', protocol='sessioned'} (org.apache.kafka.connect.runtime.distributed.WorkerCoordinator:843)
[2026-05-11 15:22:26,912] INFO [Worker clientId=connect-127.0.1.1:8083, groupId=connect-cluster] Joined group at generation 4 with protocol version 2 and got assignment: Assignment{error=0, leader='connect-127.0.1.1:8083-18ba6d43-9863-4e6d-99b6-9f20bdb1430a', leaderUrl='http://127.0.1.1:8083/', offset=7, connectorIds=[api-source-demo], taskIds=[api-source-demo-0], revokedConnectorIds=[], revokedTaskIds=[], delay=0} with rebalance delay: 0 (org.apache.kafka.connect.runtime.distributed.DistributedHerder:2650)
[2026-05-11 15:22:26,914] INFO [Worker clientId=connect-127.0.1.1:8083, groupId=connect-cluster] Starting connectors and tasks using config offset 7 (org.apache.kafka.connect.runtime.distributed.DistributedHerder:1981)
[2026-05-11 15:22:26,916] INFO [Worker clientId=connect-127.0.1.1:8083, groupId=connect-cluster] Starting task api-source-demo-0 (org.apache.kafka.connect.runtime.distributed.DistributedHerder:2024)
[2026-05-11 15:22:26,918] INFO [api-source-demo|task-0] Creating task api-source-demo-0 (org.apache.kafka.connect.runtime.Worker:646)
[2026-05-11 15:22:26,920] INFO [api-source-demo|task-0] ConnectorConfig values: 
	config.action.reload = restart
	connector.class = org.apache.kafka.connect.file.FileStreamSourceConnector
	errors.log.enable = false
	errors.log.include.messages = false
	errors.retry.delay.max.ms = 60000
	errors.retry.timeout = 0
	errors.tolerance = none
	header.converter = null
	key.converter = null
	name = api-source-demo
	predicates = []
	tasks.max = 2
	tasks.max.enforce = true
	transforms = []
	value.converter = null
 (org.apache.kafka.connect.runtime.ConnectorConfig:371)
[2026-05-11 15:22:26,922] INFO [api-source-demo|task-0] EnrichedConnectorConfig values: 
	config.action.reload = restart
	connector.class = org.apache.kafka.connect.file.FileStreamSourceConnector
	errors.log.enable = false
	errors.log.include.messages = false
	errors.retry.delay.max.ms = 60000
	errors.retry.timeout = 0
	errors.tolerance = none
	header.converter = null
	key.converter = null
	name = api-source-demo
	predicates = []
	tasks.max = 2
	tasks.max.enforce = true
	transforms = []
	value.converter = null
 (org.apache.kafka.connect.runtime.ConnectorConfig$EnrichedConnectorConfig:371)
[2026-05-11 15:22:26,924] INFO [api-source-demo|task-0] TaskConfig values: 
	task.class = class org.apache.kafka.connect.file.FileStreamSourceTask
 (org.apache.kafka.connect.runtime.TaskConfig:371)
[2026-05-11 15:22:26,927] INFO [api-source-demo|task-0] Instantiated task api-source-demo-0 with version 3.9.2 of type org.apache.kafka.connect.file.FileStreamSourceTask (org.apache.kafka.connect.runtime.Worker:665)
[2026-05-11 15:22:26,928] INFO [api-source-demo|task-0] StringConverterConfig values: 
	converter.encoding = UTF-8
	converter.type = key
 (org.apache.kafka.connect.storage.StringConverterConfig:371)
[2026-05-11 15:22:26,931] INFO [api-source-demo|task-0] Set up the key converter class org.apache.kafka.connect.storage.StringConverter for task api-source-demo-0 using the worker config (org.apache.kafka.connect.runtime.Worker:678)
[2026-05-11 15:22:26,934] INFO [api-source-demo|task-0] StringConverterConfig values: 
	converter.encoding = UTF-8
	converter.type = value
 (org.apache.kafka.connect.storage.StringConverterConfig:371)
[2026-05-11 15:22:26,936] INFO [api-source-demo|task-0] Set up the value converter class org.apache.kafka.connect.storage.StringConverter for task api-source-demo-0 using the worker config (org.apache.kafka.connect.runtime.Worker:684)
[2026-05-11 15:22:26,938] INFO [api-source-demo|task-0] Set up the header converter class org.apache.kafka.connect.storage.SimpleHeaderConverter for task api-source-demo-0 using the worker config (org.apache.kafka.connect.runtime.Worker:691)
[2026-05-11 15:22:26,940] INFO [api-source-demo|task-0] Initializing: org.apache.kafka.connect.runtime.TransformationChain{} (org.apache.kafka.connect.runtime.Worker:1795)
[2026-05-11 15:22:26,942] INFO [api-source-demo|task-0] SourceConnectorConfig values: 
	config.action.reload = restart
	connector.class = org.apache.kafka.connect.file.FileStreamSourceConnector
	errors.log.enable = false
	errors.log.include.messages = false
	errors.retry.delay.max.ms = 60000
	errors.retry.timeout = 0
	errors.tolerance = none
	exactly.once.support = requested
	header.converter = null
	key.converter = null
	name = api-source-demo
	offsets.storage.topic = null
	predicates = []
	tasks.max = 2
	tasks.max.enforce = true
	topic.creation.groups = []
	transaction.boundary = poll
	transaction.boundary.interval.ms = null
	transforms = []
	value.converter = null
 (org.apache.kafka.connect.runtime.SourceConnectorConfig:371)
[2026-05-11 15:22:26,947] INFO [api-source-demo|task-0] EnrichedConnectorConfig values: 
	config.action.reload = restart
	connector.class = org.apache.kafka.connect.file.FileStreamSourceConnector
	errors.log.enable = false
	errors.log.include.messages = false
	errors.retry.delay.max.ms = 60000
	errors.retry.timeout = 0
	errors.tolerance = none
	exactly.once.support = requested
	header.converter = null
	key.converter = null
	name = api-source-demo
	offsets.storage.topic = null
	predicates = []
	tasks.max = 2
	tasks.max.enforce = true
	topic.creation.groups = []
	transaction.boundary = poll
	transaction.boundary.interval.ms = null
	transforms = []
	value.converter = null
 (org.apache.kafka.connect.runtime.ConnectorConfig$EnrichedConnectorConfig:371)
[2026-05-11 15:22:26,952] INFO [api-source-demo|task-0] ProducerConfig values: 
	acks = -1
	auto.include.jmx.reporter = true
	batch.size = 16384
	bootstrap.servers = [localhost:9092]
	buffer.memory = 33554432
	client.dns.lookup = use_all_dns_ips
	client.id = connector-producer-api-source-demo-0
	compression.gzip.level = -1
	compression.lz4.level = 9
	compression.type = none
	compression.zstd.level = 3
	connections.max.idle.ms = 540000
	delivery.timeout.ms = 2147483647
	enable.idempotence = false
	enable.metrics.push = true
	interceptor.classes = []
	key.serializer = class org.apache.kafka.common.serialization.ByteArraySerializer
	linger.ms = 0
	max.block.ms = 9223372036854775807
	max.in.flight.requests.per.connection = 1
	max.request.size = 1048576
	metadata.max.age.ms = 300000
	metadata.max.idle.ms = 300000
	metadata.recovery.strategy = none
	metric.reporters = []
	metrics.num.samples = 2
	metrics.recording.level = INFO
	metrics.sample.window.ms = 30000
	partitioner.adaptive.partitioning.enable = true
	partitioner.availability.timeout.ms = 0
	partitioner.class = null
	partitioner.ignore.keys = false
	receive.buffer.bytes = 32768
	reconnect.backoff.max.ms = 1000
	reconnect.backoff.ms = 50
	request.timeout.ms = 30000
	retries = 2147483647
	retry.backoff.max.ms = 1000
	retry.backoff.ms = 100
	sasl.client.callback.handler.class = null
	sasl.jaas.config = null
	sasl.kerberos.kinit.cmd = /usr/bin/kinit
	sasl.kerberos.min.time.before.relogin = 60000
	sasl.kerberos.service.name = null
	sasl.kerberos.ticket.renew.jitter = 0.05
	sasl.kerberos.ticket.renew.window.factor = 0.8
	sasl.login.callback.handler.class = null
	sasl.login.class = null
	sasl.login.connect.timeout.ms = null
	sasl.login.read.timeout.ms = null
	sasl.login.refresh.buffer.seconds = 300
	sasl.login.refresh.min.period.seconds = 60
	sasl.login.refresh.window.factor = 0.8
	sasl.login.refresh.window.jitter = 0.05
	sasl.login.retry.backoff.max.ms = 10000
	sasl.login.retry.backoff.ms = 100
	sasl.mechanism = GSSAPI
	sasl.oauthbearer.clock.skew.seconds = 30
	sasl.oauthbearer.expected.audience = null
	sasl.oauthbearer.expected.issuer = null
	sasl.oauthbearer.header.urlencode = false
	sasl.oauthbearer.jwks.endpoint.refresh.ms = 3600000
	sasl.oauthbearer.jwks.endpoint.retry.backoff.max.ms = 10000
	sasl.oauthbearer.jwks.endpoint.retry.backoff.ms = 100
	sasl.oauthbearer.jwks.endpoint.url = null
	sasl.oauthbearer.scope.claim.name = scope
	sasl.oauthbearer.sub.claim.name = sub
	sasl.oauthbearer.token.endpoint.url = null
	security.protocol = PLAINTEXT
	security.providers = null
	send.buffer.bytes = 131072
	socket.connection.setup.timeout.max.ms = 30000
	socket.connection.setup.timeout.ms = 10000
	ssl.cipher.suites = null
	ssl.enabled.protocols = [TLSv1.2, TLSv1.3]
	ssl.endpoint.identification.algorithm = https
	ssl.engine.factory.class = null
	ssl.key.password = null
	ssl.keymanager.algorithm = SunX509
	ssl.keystore.certificate.chain = null
	ssl.keystore.key = null
	ssl.keystore.location = null
	ssl.keystore.password = null
	ssl.keystore.type = JKS
	ssl.protocol = TLSv1.3
	ssl.provider = null
	ssl.secure.random.implementation = null
	ssl.trustmanager.algorithm = PKIX
	ssl.truststore.certificates = null
	ssl.truststore.location = null
	ssl.truststore.password = null
	ssl.truststore.type = JKS
	transaction.timeout.ms = 60000
	transactional.id = null
	value.serializer = class org.apache.kafka.common.serialization.ByteArraySerializer
 (org.apache.kafka.clients.producer.ProducerConfig:371)
[2026-05-11 15:22:26,957] INFO [api-source-demo|task-0] initializing Kafka metrics collector (org.apache.kafka.common.telemetry.internals.KafkaMetricsCollector:270)
[2026-05-11 15:22:26,972] INFO [api-source-demo|task-0] These configurations '[metrics.context.connect.kafka.cluster.id, metrics.context.connect.group.id]' were supplied but are not used yet. (org.apache.kafka.clients.producer.ProducerConfig:380)
[2026-05-11 15:22:26,974] INFO [api-source-demo|task-0] Kafka version: 3.9.2 (org.apache.kafka.common.utils.AppInfoParser:125)
[2026-05-11 15:22:26,977] INFO [api-source-demo|task-0] Kafka commitId: 5e9866f43ab8e7e4 (org.apache.kafka.common.utils.AppInfoParser:126)
[2026-05-11 15:22:26,978] INFO [api-source-demo|task-0] Kafka startTimeMs: 1778493146974 (org.apache.kafka.common.utils.AppInfoParser:127)
[2026-05-11 15:22:26,982] INFO [Worker clientId=connect-127.0.1.1:8083, groupId=connect-cluster] Finished starting connectors and tasks (org.apache.kafka.connect.runtime.distributed.DistributedHerder:2010)
[2026-05-11 15:22:26,983] INFO [api-source-demo|task-0] AbstractConfig values: 
	batch.size = 2000
	file = input.txt
	topic = api-topic
 (org.apache.kafka.common.config.AbstractConfig:371)
[2026-05-11 15:22:26,984] INFO [api-source-demo|task-0] [Producer clientId=connector-producer-api-source-demo-0] Cluster ID: ti3G0LYJQcK3B56AzdUxRQ (org.apache.kafka.clients.Metadata:365)
[2026-05-11 15:22:26,987] INFO [api-source-demo|task-0] WorkerSourceTask{id=api-source-demo-0} Source task finished initialization and start (org.apache.kafka.connect.runtime.AbstractWorkerSourceTask:280)
[2026-05-11 15:23:06,795] INFO Successfully processed removal of connector 'api-source-demo' (org.apache.kafka.connect.storage.KafkaConfigBackingStore:1005)
[2026-05-11 15:23:06,796] INFO [Worker clientId=connect-127.0.1.1:8083, groupId=connect-cluster] Connector api-source-demo config removed (org.apache.kafka.connect.runtime.distributed.DistributedHerder:2434)
[2026-05-11 15:23:06,797] INFO [Worker clientId=connect-127.0.1.1:8083, groupId=connect-cluster] Rebalance started (org.apache.kafka.connect.runtime.distributed.WorkerCoordinator:243)
[2026-05-11 15:23:06,798] INFO [Worker clientId=connect-127.0.1.1:8083, groupId=connect-cluster] (Re-)joining group (org.apache.kafka.connect.runtime.distributed.WorkerCoordinator:605)
[2026-05-11 15:23:06,800] INFO 127.0.0.1 - - [11/May/2026:09:53:06 +0000] "DELETE /connectors/api-source-demo HTTP/1.1" 204 0 "-" "curl/7.81.0" 15 (org.apache.kafka.connect.runtime.rest.RestServer:62)
[2026-05-11 15:23:06,803] INFO [Worker clientId=connect-127.0.1.1:8083, groupId=connect-cluster] Successfully joined group with generation Generation{generationId=5, memberId='connect-127.0.1.1:8083-18ba6d43-9863-4e6d-99b6-9f20bdb1430a', protocol='sessioned'} (org.apache.kafka.connect.runtime.distributed.WorkerCoordinator:666)
[2026-05-11 15:23:06,807] INFO [Worker clientId=connect-127.0.1.1:8083, groupId=connect-cluster] Successfully synced group in generation Generation{generationId=5, memberId='connect-127.0.1.1:8083-18ba6d43-9863-4e6d-99b6-9f20bdb1430a', protocol='sessioned'} (org.apache.kafka.connect.runtime.distributed.WorkerCoordinator:843)
[2026-05-11 15:23:06,811] INFO [api-source-demo|worker] Stopping connector api-source-demo (org.apache.kafka.connect.runtime.Worker:452)
[2026-05-11 15:23:06,811] INFO [api-source-demo|task-0] Stopping task api-source-demo-0 (org.apache.kafka.connect.runtime.Worker:1048)
[2026-05-11 15:23:06,812] INFO [api-source-demo|worker] Scheduled shutdown for WorkerConnector{id=api-source-demo} (org.apache.kafka.connect.runtime.WorkerConnector:295)
[2026-05-11 15:23:06,814] INFO [api-source-demo|worker] Completed shutdown for WorkerConnector{id=api-source-demo} (org.apache.kafka.connect.runtime.WorkerConnector:315)
[2026-05-11 15:23:07,071] INFO [api-source-demo|task-0] [Producer clientId=connector-producer-api-source-demo-0] Closing the Kafka producer with timeoutMillis = 30000 ms. (org.apache.kafka.clients.producer.KafkaProducer:1386)
[2026-05-11 15:23:07,077] INFO [api-source-demo|task-0] Metrics scheduler closed (org.apache.kafka.common.metrics.Metrics:685)
[2026-05-11 15:23:07,078] INFO [api-source-demo|task-0] Closing reporter org.apache.kafka.common.metrics.JmxReporter (org.apache.kafka.common.metrics.Metrics:689)
[2026-05-11 15:23:07,078] INFO [api-source-demo|task-0] Closing reporter org.apache.kafka.common.telemetry.internals.ClientTelemetryReporter (org.apache.kafka.common.metrics.Metrics:689)
[2026-05-11 15:23:07,079] INFO [api-source-demo|task-0] Metrics reporters closed (org.apache.kafka.common.metrics.Metrics:695)
[2026-05-11 15:23:07,080] INFO [api-source-demo|task-0] App info kafka.producer for connector-producer-api-source-demo-0 unregistered (org.apache.kafka.common.utils.AppInfoParser:89)
[2026-05-11 15:23:07,082] INFO [Worker clientId=connect-127.0.1.1:8083, groupId=connect-cluster] Finished stopping tasks in preparation for rebalance (org.apache.kafka.connect.runtime.distributed.DistributedHerder:2737)
[2026-05-11 15:23:07,090] INFO [Worker clientId=connect-127.0.1.1:8083, groupId=connect-cluster] Finished flushing status backing store in preparation for rebalance (org.apache.kafka.connect.runtime.distributed.DistributedHerder:2758)
[2026-05-11 15:23:07,091] INFO [Worker clientId=connect-127.0.1.1:8083, groupId=connect-cluster] Joined group at generation 5 with protocol version 2 and got assignment: Assignment{error=0, leader='connect-127.0.1.1:8083-18ba6d43-9863-4e6d-99b6-9f20bdb1430a', leaderUrl='http://127.0.1.1:8083/', offset=9, connectorIds=[], taskIds=[], revokedConnectorIds=[api-source-demo], revokedTaskIds=[api-source-demo-0], delay=0} with rebalance delay: 0 (org.apache.kafka.connect.runtime.distributed.DistributedHerder:2650)
[2026-05-11 15:23:07,092] INFO [Worker clientId=connect-127.0.1.1:8083, groupId=connect-cluster] Starting connectors and tasks using config offset 9 (org.apache.kafka.connect.runtime.distributed.DistributedHerder:1981)
[2026-05-11 15:23:07,093] INFO [Worker clientId=connect-127.0.1.1:8083, groupId=connect-cluster] Finished starting connectors and tasks (org.apache.kafka.connect.runtime.distributed.DistributedHerder:2010)
[2026-05-11 15:23:07,095] INFO [Worker clientId=connect-127.0.1.1:8083, groupId=connect-cluster] Rebalance started (org.apache.kafka.connect.runtime.distributed.WorkerCoordinator:243)
[2026-05-11 15:23:07,096] INFO [Worker clientId=connect-127.0.1.1:8083, groupId=connect-cluster] (Re-)joining group (org.apache.kafka.connect.runtime.distributed.WorkerCoordinator:605)
[2026-05-11 15:23:07,099] INFO [Worker clientId=connect-127.0.1.1:8083, groupId=connect-cluster] Successfully joined group with generation Generation{generationId=6, memberId='connect-127.0.1.1:8083-18ba6d43-9863-4e6d-99b6-9f20bdb1430a', protocol='sessioned'} (org.apache.kafka.connect.runtime.distributed.WorkerCoordinator:666)
[2026-05-11 15:23:07,104] INFO [Worker clientId=connect-127.0.1.1:8083, groupId=connect-cluster] Successfully synced group in generation Generation{generationId=6, memberId='connect-127.0.1.1:8083-18ba6d43-9863-4e6d-99b6-9f20bdb1430a', protocol='sessioned'} (org.apache.kafka.connect.runtime.distributed.WorkerCoordinator:843)
[2026-05-11 15:23:07,105] INFO [Worker clientId=connect-127.0.1.1:8083, groupId=connect-cluster] Joined group at generation 6 with protocol version 2 and got assignment: Assignment{error=0, leader='connect-127.0.1.1:8083-18ba6d43-9863-4e6d-99b6-9f20bdb1430a', leaderUrl='http://127.0.1.1:8083/', offset=9, connectorIds=[], taskIds=[], revokedConnectorIds=[], revokedTaskIds=[], delay=0} with rebalance delay: 0 (org.apache.kafka.connect.runtime.distributed.DistributedHerder:2650)
[2026-05-11 15:23:07,105] INFO [Worker clientId=connect-127.0.1.1:8083, groupId=connect-cluster] Starting connectors and tasks using config offset 9 (org.apache.kafka.connect.runtime.distributed.DistributedHerder:1981)
[2026-05-11 15:23:07,106] INFO [Worker clientId=connect-127.0.1.1:8083, groupId=connect-cluster] Finished starting connectors and tasks (org.apache.kafka.connect.runtime.distributed.DistributedHerder:2010)
[2026-05-11 15:23:09,672] INFO Kafka Connect stopping (org.apache.kafka.connect.runtime.Connect:87)
[2026-05-11 15:23:09,674] INFO Stopping REST server (org.apache.kafka.connect.runtime.rest.RestServer:358)
[2026-05-11 15:23:09,696] INFO Stopped http_8083@1f7076bc{HTTP/1.1, (http/1.1)}{0.0.0.0:8083} (org.eclipse.jetty.server.AbstractConnector:383)
[2026-05-11 15:23:09,698] INFO node0 Stopped scavenging (org.eclipse.jetty.server.session:149)
[2026-05-11 15:23:09,706] INFO Stopped o.e.j.s.ServletContextHandler@37496720{/,null,STOPPED} (org.eclipse.jetty.server.handler.ContextHandler:1159)
[2026-05-11 15:23:09,711] INFO REST server stopped (org.apache.kafka.connect.runtime.rest.RestServer:387)
[2026-05-11 15:23:09,713] INFO [Worker clientId=connect-127.0.1.1:8083, groupId=connect-cluster] Herder stopping (org.apache.kafka.connect.runtime.distributed.DistributedHerder:853)
[2026-05-11 15:23:09,714] INFO [Worker clientId=connect-127.0.1.1:8083, groupId=connect-cluster] Stopping connectors and tasks that are still assigned to this worker. (org.apache.kafka.connect.runtime.distributed.DistributedHerder:810)
[2026-05-11 15:23:09,715] INFO Stopping KafkaBasedLog for topic connect-status (org.apache.kafka.connect.util.KafkaBasedLog:317)
[2026-05-11 15:23:09,717] INFO [Producer clientId=connect-cluster-statuses] Closing the Kafka producer with timeoutMillis = 9223372036854775807 ms. (org.apache.kafka.clients.producer.KafkaProducer:1386)
[2026-05-11 15:23:09,721] INFO Metrics scheduler closed (org.apache.kafka.common.metrics.Metrics:685)
[2026-05-11 15:23:09,722] INFO Closing reporter org.apache.kafka.common.metrics.JmxReporter (org.apache.kafka.common.metrics.Metrics:689)
[2026-05-11 15:23:09,723] INFO Closing reporter org.apache.kafka.common.telemetry.internals.ClientTelemetryReporter (org.apache.kafka.common.metrics.Metrics:689)
[2026-05-11 15:23:09,723] INFO Metrics reporters closed (org.apache.kafka.common.metrics.Metrics:695)
[2026-05-11 15:23:09,724] INFO App info kafka.producer for connect-cluster-statuses unregistered (org.apache.kafka.common.utils.AppInfoParser:89)
[2026-05-11 15:23:09,732] INFO [Consumer clientId=connect-cluster-statuses, groupId=connect-cluster] Resetting generation and member id due to: consumer pro-actively leaving the group (org.apache.kafka.clients.consumer.internals.ConsumerCoordinator:1056)
[2026-05-11 15:23:09,733] INFO [Consumer clientId=connect-cluster-statuses, groupId=connect-cluster] Request joining group due to: consumer pro-actively leaving the group (org.apache.kafka.clients.consumer.internals.ConsumerCoordinator:1103)
[2026-05-11 15:23:10,110] INFO Metrics scheduler closed (org.apache.kafka.common.metrics.Metrics:685)
[2026-05-11 15:23:10,110] INFO Closing reporter org.apache.kafka.common.metrics.JmxReporter (org.apache.kafka.common.metrics.Metrics:689)
[2026-05-11 15:23:10,111] INFO Closing reporter org.apache.kafka.common.telemetry.internals.ClientTelemetryReporter (org.apache.kafka.common.metrics.Metrics:689)
[2026-05-11 15:23:10,111] INFO Metrics reporters closed (org.apache.kafka.common.metrics.Metrics:695)
[2026-05-11 15:23:10,114] INFO App info kafka.consumer for connect-cluster-statuses unregistered (org.apache.kafka.common.utils.AppInfoParser:89)
[2026-05-11 15:23:10,115] INFO Stopped KafkaBasedLog for topic connect-status (org.apache.kafka.connect.util.KafkaBasedLog:341)
[2026-05-11 15:23:10,116] INFO Closing KafkaConfigBackingStore (org.apache.kafka.connect.storage.KafkaConfigBackingStore:407)
[2026-05-11 15:23:10,117] INFO Stopping KafkaBasedLog for topic connect-configs (org.apache.kafka.connect.util.KafkaBasedLog:317)
[2026-05-11 15:23:10,117] INFO [Producer clientId=connect-cluster-configs] Closing the Kafka producer with timeoutMillis = 9223372036854775807 ms. (org.apache.kafka.clients.producer.KafkaProducer:1386)
[2026-05-11 15:23:10,131] INFO Metrics scheduler closed (org.apache.kafka.common.metrics.Metrics:685)
[2026-05-11 15:23:10,131] INFO Closing reporter org.apache.kafka.common.metrics.JmxReporter (org.apache.kafka.common.metrics.Metrics:689)
[2026-05-11 15:23:10,132] INFO Closing reporter org.apache.kafka.common.telemetry.internals.ClientTelemetryReporter (org.apache.kafka.common.metrics.Metrics:689)
[2026-05-11 15:23:10,133] INFO Metrics reporters closed (org.apache.kafka.common.metrics.Metrics:695)
[2026-05-11 15:23:10,133] INFO App info kafka.producer for connect-cluster-configs unregistered (org.apache.kafka.common.utils.AppInfoParser:89)
[2026-05-11 15:23:10,134] INFO [Consumer clientId=connect-cluster-configs, groupId=connect-cluster] Resetting generation and member id due to: consumer pro-actively leaving the group (org.apache.kafka.clients.consumer.internals.ConsumerCoordinator:1056)
[2026-05-11 15:23:10,135] INFO [Consumer clientId=connect-cluster-configs, groupId=connect-cluster] Request joining group due to: consumer pro-actively leaving the group (org.apache.kafka.clients.consumer.internals.ConsumerCoordinator:1103)
[2026-05-11 15:23:10,308] INFO Metrics scheduler closed (org.apache.kafka.common.metrics.Metrics:685)
[2026-05-11 15:23:10,308] INFO Closing reporter org.apache.kafka.common.metrics.JmxReporter (org.apache.kafka.common.metrics.Metrics:689)
[2026-05-11 15:23:10,309] INFO Closing reporter org.apache.kafka.common.telemetry.internals.ClientTelemetryReporter (org.apache.kafka.common.metrics.Metrics:689)
[2026-05-11 15:23:10,309] INFO Metrics reporters closed (org.apache.kafka.common.metrics.Metrics:695)
[2026-05-11 15:23:10,311] INFO App info kafka.consumer for connect-cluster-configs unregistered (org.apache.kafka.common.utils.AppInfoParser:89)
[2026-05-11 15:23:10,312] INFO Stopped KafkaBasedLog for topic connect-configs (org.apache.kafka.connect.util.KafkaBasedLog:341)
[2026-05-11 15:23:10,312] INFO Closed KafkaConfigBackingStore (org.apache.kafka.connect.storage.KafkaConfigBackingStore:412)
[2026-05-11 15:23:10,312] INFO Worker stopping (org.apache.kafka.connect.runtime.Worker:250)
[2026-05-11 15:23:10,314] INFO Stopping KafkaOffsetBackingStore (org.apache.kafka.connect.storage.KafkaOffsetBackingStore:261)
[2026-05-11 15:23:10,316] INFO Stopping KafkaBasedLog for topic connect-offsets (org.apache.kafka.connect.util.KafkaBasedLog:317)
[2026-05-11 15:23:10,317] INFO [Producer clientId=connect-cluster-offsets] Closing the Kafka producer with timeoutMillis = 9223372036854775807 ms. (org.apache.kafka.clients.producer.KafkaProducer:1386)
[2026-05-11 15:23:10,319] INFO Metrics scheduler closed (org.apache.kafka.common.metrics.Metrics:685)
[2026-05-11 15:23:10,320] INFO Closing reporter org.apache.kafka.common.metrics.JmxReporter (org.apache.kafka.common.metrics.Metrics:689)
[2026-05-11 15:23:10,320] INFO Closing reporter org.apache.kafka.common.telemetry.internals.ClientTelemetryReporter (org.apache.kafka.common.metrics.Metrics:689)
[2026-05-11 15:23:10,320] INFO Metrics reporters closed (org.apache.kafka.common.metrics.Metrics:695)
[2026-05-11 15:23:10,321] INFO App info kafka.producer for connect-cluster-offsets unregistered (org.apache.kafka.common.utils.AppInfoParser:89)
[2026-05-11 15:23:10,322] INFO [Consumer clientId=connect-cluster-offsets, groupId=connect-cluster] Resetting generation and member id due to: consumer pro-actively leaving the group (org.apache.kafka.clients.consumer.internals.ConsumerCoordinator:1056)
[2026-05-11 15:23:10,323] INFO [Consumer clientId=connect-cluster-offsets, groupId=connect-cluster] Request joining group due to: consumer pro-actively leaving the group (org.apache.kafka.clients.consumer.internals.ConsumerCoordinator:1103)
[2026-05-11 15:23:10,604] INFO Metrics scheduler closed (org.apache.kafka.common.metrics.Metrics:685)
[2026-05-11 15:23:10,604] INFO Closing reporter org.apache.kafka.common.metrics.JmxReporter (org.apache.kafka.common.metrics.Metrics:689)
[2026-05-11 15:23:10,605] INFO Closing reporter org.apache.kafka.common.telemetry.internals.ClientTelemetryReporter (org.apache.kafka.common.metrics.Metrics:689)
[2026-05-11 15:23:10,606] INFO Metrics reporters closed (org.apache.kafka.common.metrics.Metrics:695)
[2026-05-11 15:23:10,612] INFO App info kafka.consumer for connect-cluster-offsets unregistered (org.apache.kafka.common.utils.AppInfoParser:89)
[2026-05-11 15:23:10,613] INFO Stopped KafkaBasedLog for topic connect-offsets (org.apache.kafka.connect.util.KafkaBasedLog:341)
[2026-05-11 15:23:10,614] INFO Stopped KafkaOffsetBackingStore (org.apache.kafka.connect.storage.KafkaOffsetBackingStore:263)
[2026-05-11 15:23:10,615] INFO Metrics scheduler closed (org.apache.kafka.common.metrics.Metrics:685)
[2026-05-11 15:23:10,616] INFO Closing reporter org.apache.kafka.common.metrics.JmxReporter (org.apache.kafka.common.metrics.Metrics:689)
[2026-05-11 15:23:10,617] INFO Metrics reporters closed (org.apache.kafka.common.metrics.Metrics:695)
[2026-05-11 15:23:10,618] INFO App info kafka.connect for 127.0.1.1:8083 unregistered (org.apache.kafka.common.utils.AppInfoParser:89)
[2026-05-11 15:23:10,619] INFO Worker stopped (org.apache.kafka.connect.runtime.Worker:271)
[2026-05-11 15:23:10,623] INFO [Worker clientId=connect-127.0.1.1:8083, groupId=connect-cluster] Member connect-127.0.1.1:8083-18ba6d43-9863-4e6d-99b6-9f20bdb1430a sending LeaveGroup request to coordinator localhost:9092 (id: 2147483646 rack: null) due to the consumer is being closed (org.apache.kafka.connect.runtime.distributed.WorkerCoordinator:1174)
[2026-05-11 15:23:10,625] INFO [Worker clientId=connect-127.0.1.1:8083, groupId=connect-cluster] Resetting generation and member id due to: consumer pro-actively leaving the group (org.apache.kafka.connect.runtime.distributed.WorkerCoordinator:1056)
[2026-05-11 15:23:10,627] WARN [Worker clientId=connect-127.0.1.1:8083, groupId=connect-cluster] Close timed out with 1 pending requests to coordinator, terminating client connections (org.apache.kafka.connect.runtime.distributed.WorkerCoordinator:1141)
[2026-05-11 15:23:10,628] INFO Metrics scheduler closed (org.apache.kafka.common.metrics.Metrics:685)
[2026-05-11 15:23:10,629] INFO Closing reporter org.apache.kafka.common.metrics.JmxReporter (org.apache.kafka.common.metrics.Metrics:689)
[2026-05-11 15:23:10,633] INFO Metrics reporters closed (org.apache.kafka.common.metrics.Metrics:695)
[2026-05-11 15:23:10,635] INFO App info kafka.connect for connect-127.0.1.1:8083 unregistered (org.apache.kafka.common.utils.AppInfoParser:89)
[2026-05-11 15:23:10,639] INFO App info kafka.admin.client for connect-cluster-shared-admin unregistered (org.apache.kafka.common.utils.AppInfoParser:89)
[2026-05-11 15:23:10,641] INFO Metrics scheduler closed (org.apache.kafka.common.metrics.Metrics:685)
[2026-05-11 15:23:10,641] INFO Closing reporter org.apache.kafka.common.metrics.JmxReporter (org.apache.kafka.common.metrics.Metrics:689)
[2026-05-11 15:23:10,642] INFO Metrics reporters closed (org.apache.kafka.common.metrics.Metrics:695)
[2026-05-11 15:23:10,643] INFO [Worker clientId=connect-127.0.1.1:8083, groupId=connect-cluster] Herder stopped (org.apache.kafka.connect.runtime.distributed.DistributedHerder:396)
[2026-05-11 15:23:10,645] INFO [Worker clientId=connect-127.0.1.1:8083, groupId=connect-cluster] Herder stopped (org.apache.kafka.connect.runtime.distributed.DistributedHerder:860)
[2026-05-11 15:23:10,646] INFO Kafka Connect stopped (org.apache.kafka.connect.runtime.Connect:92)
