[2026-05-21 13:08:52,477] INFO Registered kafka:type=kafka.Log4jController MBean (kafka.utils.Log4jControllerRegistration$)
[2026-05-21 13:08:53,063] INFO Setting -D jdk.tls.rejectClientInitiatedRenegotiation=true to disable client-initiated TLS renegotiation (org.apache.zookeeper.common.X509Util)
[2026-05-21 13:08:53,410] INFO Registered signal handlers for TERM, INT, HUP (org.apache.kafka.common.utils.LoggingSignalHandler)
[2026-05-21 13:08:53,416] INFO [ControllerServer id=1] Starting controller (kafka.server.ControllerServer)
[2026-05-21 13:08:54,268] INFO Updated connection-accept-rate max connection creation rate to 2147483647 (kafka.network.ConnectionQuotas)
[2026-05-21 13:08:54,327] INFO [SocketServer listenerType=CONTROLLER, nodeId=1] Created data-plane acceptor and processors for endpoint : ListenerName(CONTROLLER) (kafka.network.SocketServer)
[2026-05-21 13:08:54,346] INFO authorizerStart completed for endpoint CONTROLLER. Endpoint is now READY. (org.apache.kafka.server.network.EndpointReadyFutures)
[2026-05-21 13:08:54,349] INFO [SharedServer id=1] Starting SharedServer (kafka.server.SharedServer)
[2026-05-21 13:08:54,454] INFO [LogLoader partition=__cluster_metadata-0, dir=/tmp/kraft-combined-logs] Recovering unflushed segment 0. 0/1 recovered for __cluster_metadata-0. (kafka.log.LogLoader)
[2026-05-21 13:08:54,457] INFO [LogLoader partition=__cluster_metadata-0, dir=/tmp/kraft-combined-logs] Loading producer state till offset 0 with message format version 2 (kafka.log.UnifiedLog$)
[2026-05-21 13:08:54,459] INFO [LogLoader partition=__cluster_metadata-0, dir=/tmp/kraft-combined-logs] Reloading from producer snapshot and rebuilding producer state from offset 0 (kafka.log.UnifiedLog$)
[2026-05-21 13:08:54,460] INFO Deleted producer state snapshot /tmp/kraft-combined-logs/__cluster_metadata-0/00000000000000000006.snapshot (org.apache.kafka.storage.internals.log.SnapshotFile)
[2026-05-21 13:08:54,461] INFO [LogLoader partition=__cluster_metadata-0, dir=/tmp/kraft-combined-logs] Producer state recovery took 1ms for snapshot load and 0ms for segment recovery from offset 0 (kafka.log.UnifiedLog$)
[2026-05-21 13:08:54,489] INFO [ProducerStateManager partition=__cluster_metadata-0] Wrote producer snapshot at offset 6 with 0 producer ids in 3 ms. (org.apache.kafka.storage.internals.log.ProducerStateManager)
[2026-05-21 13:08:54,502] INFO [LogLoader partition=__cluster_metadata-0, dir=/tmp/kraft-combined-logs] Loading producer state till offset 6 with message format version 2 (kafka.log.UnifiedLog$)
[2026-05-21 13:08:54,503] INFO [LogLoader partition=__cluster_metadata-0, dir=/tmp/kraft-combined-logs] Reloading from producer snapshot and rebuilding producer state from offset 6 (kafka.log.UnifiedLog$)
[2026-05-21 13:08:54,503] INFO [ProducerStateManager partition=__cluster_metadata-0] Loading producer state from snapshot file 'SnapshotFile(offset=6, file=/tmp/kraft-combined-logs/__cluster_metadata-0/00000000000000000006.snapshot)' (org.apache.kafka.storage.internals.log.ProducerStateManager)
[2026-05-21 13:08:54,506] INFO [LogLoader partition=__cluster_metadata-0, dir=/tmp/kraft-combined-logs] Producer state recovery took 3ms for snapshot load and 0ms for segment recovery from offset 6 (kafka.log.UnifiedLog$)
[2026-05-21 13:08:54,571] INFO Initialized snapshots with IDs SortedSet() from /tmp/kraft-combined-logs/__cluster_metadata-0 (kafka.raft.KafkaMetadataLog$)
[2026-05-21 13:08:54,604] INFO [raft-expiration-reaper]: Starting (kafka.raft.TimingWheelExpirationService$ExpiredOperationReaper)
[2026-05-21 13:08:54,641] INFO [RaftManager id=1] Reading KRaft snapshot and log as part of the initialization (org.apache.kafka.raft.KafkaRaftClient)
[2026-05-21 13:08:54,676] INFO [RaftManager id=1] Starting voters are VoterSet(voters={1=VoterNode(voterKey=ReplicaKey(id=1, directoryId=Optional.empty), listeners=Endpoints(endpoints={ListenerName(CONTROLLER)=localhost/127.0.0.1:9093}), supportedKRaftVersion=SupportedVersionRange[min_version:0, max_version:0])}) (org.apache.kafka.raft.KafkaRaftClient)
[2026-05-21 13:08:54,678] INFO [RaftManager id=1] Starting request manager with static voters: [localhost:9093 (id: 1 rack: null)] (org.apache.kafka.raft.KafkaRaftClient)
[2026-05-21 13:08:54,986] INFO [RaftManager id=1] Attempting durable transition to ResignedState(localId=1, epoch=1, voters=[1], electionTimeoutMs=1837, unackedVoters=[], preferredSuccessors=[]) from null (org.apache.kafka.raft.QuorumState)
[2026-05-21 13:08:55,024] INFO [RaftManager id=1] Completed transition to ResignedState(localId=1, epoch=1, voters=[1], electionTimeoutMs=1837, unackedVoters=[], preferredSuccessors=[]) from null (org.apache.kafka.raft.QuorumState)
[2026-05-21 13:08:55,031] INFO [RaftManager id=1] Attempting durable transition to CandidateState(localId=1, localDirectoryId=Vsyv6xM4_cQruLrWP_G-EA,epoch=2, retries=1, voteStates={1=org.apache.kafka.raft.CandidateState$VoterState@de77232}, highWatermark=Optional.empty, electionTimeoutMs=1165) from ResignedState(localId=1, epoch=1, voters=[1], electionTimeoutMs=1837, unackedVoters=[], preferredSuccessors=[]) (org.apache.kafka.raft.QuorumState)
[2026-05-21 13:08:55,038] INFO [RaftManager id=1] Completed transition to CandidateState(localId=1, localDirectoryId=Vsyv6xM4_cQruLrWP_G-EA,epoch=2, retries=1, voteStates={1=org.apache.kafka.raft.CandidateState$VoterState@de77232}, highWatermark=Optional.empty, electionTimeoutMs=1165) from ResignedState(localId=1, epoch=1, voters=[1], electionTimeoutMs=1837, unackedVoters=[], preferredSuccessors=[]) (org.apache.kafka.raft.QuorumState)
[2026-05-21 13:08:55,047] INFO [RaftManager id=1] Attempting durable transition to Leader(localReplicaKey=ReplicaKey(id=1, directoryId=Optional[Vsyv6xM4_cQruLrWP_G-EA]), epoch=2, epochStartOffset=6, highWatermark=Optional.empty, voterStates={1=ReplicaState(replicaKey=ReplicaKey(id=1, directoryId=Optional.empty), endOffset=Optional.empty, lastFetchTimestamp=-1, lastCaughtUpTimestamp=-1, hasAcknowledgedLeader=true)}) from CandidateState(localId=1, localDirectoryId=Vsyv6xM4_cQruLrWP_G-EA,epoch=2, retries=1, voteStates={1=org.apache.kafka.raft.CandidateState$VoterState@de77232}, highWatermark=Optional.empty, electionTimeoutMs=1165) (org.apache.kafka.raft.QuorumState)
[2026-05-21 13:08:55,052] INFO [RaftManager id=1] Completed transition to Leader(localReplicaKey=ReplicaKey(id=1, directoryId=Optional[Vsyv6xM4_cQruLrWP_G-EA]), epoch=2, epochStartOffset=6, highWatermark=Optional.empty, voterStates={1=ReplicaState(replicaKey=ReplicaKey(id=1, directoryId=Optional.empty), endOffset=Optional.empty, lastFetchTimestamp=-1, lastCaughtUpTimestamp=-1, hasAcknowledgedLeader=true)}) from CandidateState(localId=1, localDirectoryId=Vsyv6xM4_cQruLrWP_G-EA,epoch=2, retries=1, voteStates={1=org.apache.kafka.raft.CandidateState$VoterState@de77232}, highWatermark=Optional.empty, electionTimeoutMs=1165) (org.apache.kafka.raft.QuorumState)
[2026-05-21 13:08:55,082] INFO [kafka-1-raft-outbound-request-thread]: Starting (org.apache.kafka.raft.KafkaNetworkChannel$SendThread)
[2026-05-21 13:08:55,084] INFO [kafka-1-raft-io-thread]: Starting (org.apache.kafka.raft.KafkaRaftClientDriver)
[2026-05-21 13:08:55,130] INFO [MetadataLoader id=1] initializeNewPublishers: the loader is still catching up because we still don't know the high water mark yet. (org.apache.kafka.image.loader.MetadataLoader)
[2026-05-21 13:08:55,134] INFO [RaftManager id=1] High watermark set to LogOffsetMetadata(offset=7, metadata=Optional[(segmentBaseOffset=0,relativePositionInSegment=491)]) for the first time for epoch 2 based on indexOfHw 0 and voters [ReplicaState(replicaKey=ReplicaKey(id=1, directoryId=Optional.empty), endOffset=Optional[LogOffsetMetadata(offset=7, metadata=Optional[(segmentBaseOffset=0,relativePositionInSegment=491)])], lastFetchTimestamp=-1, lastCaughtUpTimestamp=-1, hasAcknowledgedLeader=true)] (org.apache.kafka.raft.LeaderState)
[2026-05-21 13:08:55,136] INFO [ControllerServer id=1] Waiting for controller quorum voters future (kafka.server.ControllerServer)
[2026-05-21 13:08:55,136] INFO [ControllerServer id=1] Finished waiting for controller quorum voters future (kafka.server.ControllerServer)
[2026-05-21 13:08:55,150] INFO [RaftManager id=1] Registered the listener org.apache.kafka.image.loader.MetadataLoader@667275194 (org.apache.kafka.raft.KafkaRaftClient)
[2026-05-21 13:08:55,159] INFO [RaftManager id=1] Setting the next offset of org.apache.kafka.image.loader.MetadataLoader@667275194 to 0 since there are no snapshots (org.apache.kafka.raft.KafkaRaftClient)
[2026-05-21 13:08:55,167] INFO [MetadataLoader id=1] maybePublishMetadata(LOG_DELTA): The loader is still catching up because we have loaded up to offset 0, but the high water mark is 7 (org.apache.kafka.image.loader.MetadataLoader)
[2026-05-21 13:08:55,191] INFO [MetadataLoader id=1] maybePublishMetadata(LOG_DELTA): The loader finished catching up to the current high water mark of 7 (org.apache.kafka.image.loader.MetadataLoader)
[2026-05-21 13:08:55,206] INFO [MetadataLoader id=1] InitializeNewPublishers: initializing SnapshotGenerator with a snapshot at offset 6 (org.apache.kafka.image.loader.MetadataLoader)
[2026-05-21 13:08:55,252] INFO [RaftManager id=1] Registered the listener org.apache.kafka.controller.QuorumController$QuorumMetaLogListener@632518438 (org.apache.kafka.raft.KafkaRaftClient)
[2026-05-21 13:08:55,253] INFO [RaftManager id=1] Setting the next offset of org.apache.kafka.controller.QuorumController$QuorumMetaLogListener@632518438 to 0 since there are no snapshots (org.apache.kafka.raft.KafkaRaftClient)
[2026-05-21 13:08:55,278] INFO [controller-1-ThrottledChannelReaper-Fetch]: Starting (kafka.server.ClientQuotaManager$ThrottledChannelReaper)
[2026-05-21 13:08:55,281] INFO [controller-1-ThrottledChannelReaper-Produce]: Starting (kafka.server.ClientQuotaManager$ThrottledChannelReaper)
[2026-05-21 13:08:55,286] INFO [controller-1-ThrottledChannelReaper-Request]: Starting (kafka.server.ClientQuotaManager$ThrottledChannelReaper)
[2026-05-21 13:08:55,293] INFO [controller-1-ThrottledChannelReaper-ControllerMutation]: Starting (kafka.server.ClientQuotaManager$ThrottledChannelReaper)
[2026-05-21 13:08:55,342] INFO [ExpirationReaper-1-AlterAcls]: Starting (kafka.server.DelayedOperationPurgatory$ExpiredOperationReaper)
[2026-05-21 13:08:55,372] INFO [ControllerServer id=1] Waiting for the controller metadata publishers to be installed (kafka.server.ControllerServer)
[2026-05-21 13:08:55,373] INFO [MetadataLoader id=1] InitializeNewPublishers: initializing KRaftMetadataCachePublisher with a snapshot at offset 6 (org.apache.kafka.image.loader.MetadataLoader)
[2026-05-21 13:08:55,373] INFO [ControllerServer id=1] Finished waiting for the controller metadata publishers to be installed (kafka.server.ControllerServer)
[2026-05-21 13:08:55,374] INFO [MetadataLoader id=1] InitializeNewPublishers: initializing FeaturesPublisher with a snapshot at offset 6 (org.apache.kafka.image.loader.MetadataLoader)
[2026-05-21 13:08:55,375] INFO [SocketServer listenerType=CONTROLLER, nodeId=1] Enabling request processing. (kafka.network.SocketServer)
[2026-05-21 13:08:55,375] INFO [ControllerServer id=1] Loaded new metadata Features(metadataVersion=3.9-IV0, finalizedFeatures={metadata.version=21}, finalizedFeaturesEpoch=6). (org.apache.kafka.metadata.publisher.FeaturesPublisher)
[2026-05-21 13:08:55,376] INFO [MetadataLoader id=1] InitializeNewPublishers: initializing ControllerRegistrationsPublisher with a snapshot at offset 6 (org.apache.kafka.image.loader.MetadataLoader)
[2026-05-21 13:08:55,376] INFO [MetadataLoader id=1] InitializeNewPublishers: initializing ControllerRegistrationManager with a snapshot at offset 6 (org.apache.kafka.image.loader.MetadataLoader)
[2026-05-21 13:08:55,379] INFO [MetadataLoader id=1] InitializeNewPublishers: initializing DynamicConfigPublisher controller id=1 with a snapshot at offset 6 (org.apache.kafka.image.loader.MetadataLoader)
[2026-05-21 13:08:55,381] INFO [ControllerRegistrationManager id=1 incarnation=9Sp9rsiFSnaEzd-mU4k0xQ] Found registration for Jdm-ZlhGRMWXfb0_vg9Zmw instead of our incarnation. (kafka.server.ControllerRegistrationManager)
[2026-05-21 13:08:55,381] INFO [MetadataLoader id=1] InitializeNewPublishers: initializing DynamicClientQuotaPublisher controller id=1 with a snapshot at offset 6 (org.apache.kafka.image.loader.MetadataLoader)
[2026-05-21 13:08:55,383] INFO Awaiting socket connections on 0.0.0.0:9093. (kafka.network.DataPlaneAcceptor)
[2026-05-21 13:08:55,385] INFO [MetadataLoader id=1] InitializeNewPublishers: initializing ScramPublisher controller id=1 with a snapshot at offset 6 (org.apache.kafka.image.loader.MetadataLoader)
[2026-05-21 13:08:55,388] INFO [MetadataLoader id=1] InitializeNewPublishers: initializing DelegationTokenPublisher controller id=1 with a snapshot at offset 6 (org.apache.kafka.image.loader.MetadataLoader)
[2026-05-21 13:08:55,392] INFO [MetadataLoader id=1] InitializeNewPublishers: initializing ControllerMetadataMetricsPublisher with a snapshot at offset 6 (org.apache.kafka.image.loader.MetadataLoader)
[2026-05-21 13:08:55,393] INFO [MetadataLoader id=1] InitializeNewPublishers: initializing AclPublisher controller id=1 with a snapshot at offset 6 (org.apache.kafka.image.loader.MetadataLoader)
[2026-05-21 13:08:55,407] INFO [controller-1-to-controller-registration-channel-manager]: Starting (kafka.server.NodeToControllerRequestThread)
[2026-05-21 13:08:55,407] INFO [ControllerRegistrationManager id=1 incarnation=9Sp9rsiFSnaEzd-mU4k0xQ] initialized channel manager. (kafka.server.ControllerRegistrationManager)
[2026-05-21 13:08:55,407] INFO [ControllerServer id=1] Waiting for all of the authorizer futures to be completed (kafka.server.ControllerServer)
[2026-05-21 13:08:55,409] INFO [controller-1-to-controller-registration-channel-manager]: Recorded new KRaft controller, from now on will use node localhost:9093 (id: 1 rack: null) (kafka.server.NodeToControllerRequestThread)
[2026-05-21 13:08:55,409] INFO [ControllerServer id=1] Finished waiting for all of the authorizer futures to be completed (kafka.server.ControllerServer)
[2026-05-21 13:08:55,411] INFO [ControllerServer id=1] Waiting for all of the SocketServer Acceptors to be started (kafka.server.ControllerServer)
[2026-05-21 13:08:55,411] INFO [ControllerServer id=1] Finished waiting for all of the SocketServer Acceptors to be started (kafka.server.ControllerServer)
[2026-05-21 13:08:55,413] INFO [BrokerServer id=1] Transition from SHUTDOWN to STARTING (kafka.server.BrokerServer)
[2026-05-21 13:08:55,413] INFO [ControllerRegistrationManager id=1 incarnation=9Sp9rsiFSnaEzd-mU4k0xQ] sendControllerRegistration: attempting to send ControllerRegistrationRequestData(controllerId=1, incarnationId=9Sp9rsiFSnaEzd-mU4k0xQ, zkMigrationReady=false, listeners=[Listener(name='CONTROLLER', host='localhost', port=9093, securityProtocol=0)], features=[Feature(name='kraft.version', minSupportedVersion=0, maxSupportedVersion=1), Feature(name='metadata.version', minSupportedVersion=1, maxSupportedVersion=21)]) (kafka.server.ControllerRegistrationManager)
[2026-05-21 13:08:55,415] INFO [BrokerServer id=1] Starting broker (kafka.server.BrokerServer)
[2026-05-21 13:08:55,425] INFO [broker-1-ThrottledChannelReaper-Fetch]: Starting (kafka.server.ClientQuotaManager$ThrottledChannelReaper)
[2026-05-21 13:08:55,428] INFO [broker-1-ThrottledChannelReaper-Request]: Starting (kafka.server.ClientQuotaManager$ThrottledChannelReaper)
[2026-05-21 13:08:55,427] INFO [broker-1-ThrottledChannelReaper-Produce]: Starting (kafka.server.ClientQuotaManager$ThrottledChannelReaper)
[2026-05-21 13:08:55,428] INFO [broker-1-ThrottledChannelReaper-ControllerMutation]: Starting (kafka.server.ClientQuotaManager$ThrottledChannelReaper)
[2026-05-21 13:08:55,481] INFO [BrokerServer id=1] Waiting for controller quorum voters future (kafka.server.BrokerServer)
[2026-05-21 13:08:55,482] INFO [BrokerServer id=1] Finished waiting for controller quorum voters future (kafka.server.BrokerServer)
[2026-05-21 13:08:55,485] INFO [broker-1-to-controller-forwarding-channel-manager]: Starting (kafka.server.NodeToControllerRequestThread)
[2026-05-21 13:08:55,487] INFO [broker-1-to-controller-forwarding-channel-manager]: Recorded new KRaft controller, from now on will use node localhost:9093 (id: 1 rack: null) (kafka.server.NodeToControllerRequestThread)
[2026-05-21 13:08:55,555] INFO [client-metrics-reaper]: Starting (org.apache.kafka.server.util.timer.SystemTimerReaper$Reaper)
[2026-05-21 13:08:55,600] INFO Updated connection-accept-rate max connection creation rate to 2147483647 (kafka.network.ConnectionQuotas)
[2026-05-21 13:08:55,608] INFO [BrokerServer id=1] Transition from STARTING to STARTED (kafka.server.BrokerServer)
[2026-05-21 13:08:55,621] ERROR [BrokerServer id=1] Fatal error during broker startup. Prepare to shutdown (kafka.server.BrokerServer)
java.lang.IllegalArgumentException: Could not find a 'KafkaServer' or 'sasl_plaintext.KafkaServer' entry in the JAAS configuration. System property 'java.security.auth.login.config' is not set
	at org.apache.kafka.common.security.JaasContext.defaultContext(JaasContext.java:152)
	at org.apache.kafka.common.security.JaasContext.load(JaasContext.java:105)
	at org.apache.kafka.common.security.JaasContext.loadServerContext(JaasContext.java:76)
	at org.apache.kafka.common.network.ChannelBuilders.create(ChannelBuilders.java:144)
	at org.apache.kafka.common.network.ChannelBuilders.serverChannelBuilder(ChannelBuilders.java:108)
	at kafka.network.Processor.<init>(SocketServer.scala:976)
	at kafka.network.Acceptor.newProcessor(SocketServer.scala:881)
	at kafka.network.Acceptor.$anonfun$addProcessors$1(SocketServer.scala:851)
	at scala.collection.immutable.Range.foreach$mVc$sp(Range.scala:190)
	at kafka.network.Acceptor.addProcessors(SocketServer.scala:850)
	at kafka.network.DataPlaneAcceptor.configure(SocketServer.scala:524)
	at kafka.network.SocketServer.createDataPlaneAcceptorAndProcessors(SocketServer.scala:252)
	at kafka.network.SocketServer.$anonfun$new$31(SocketServer.scala:176)
	at kafka.network.SocketServer.$anonfun$new$31$adapted(SocketServer.scala:176)
	at scala.collection.IterableOnceOps.foreach(IterableOnce.scala:619)
	at scala.collection.IterableOnceOps.foreach$(IterableOnce.scala:617)
	at scala.collection.AbstractIterable.foreach(Iterable.scala:935)
	at kafka.network.SocketServer.<init>(SocketServer.scala:176)
	at kafka.server.BrokerServer.startup(BrokerServer.scala:252)
	at kafka.server.KafkaRaftServer.$anonfun$startup$2(KafkaRaftServer.scala:99)
	at kafka.server.KafkaRaftServer.$anonfun$startup$2$adapted(KafkaRaftServer.scala:99)
	at scala.Option.foreach(Option.scala:437)
	at kafka.server.KafkaRaftServer.startup(KafkaRaftServer.scala:99)
	at kafka.Kafka$.main(Kafka.scala:112)
	at kafka.Kafka.main(Kafka.scala)
[2026-05-21 13:08:55,628] INFO [BrokerServer id=1] Transition from STARTED to SHUTTING_DOWN (kafka.server.BrokerServer)
[2026-05-21 13:08:55,629] INFO [BrokerServer id=1] shutting down (kafka.server.BrokerServer)
[2026-05-21 13:08:55,632] INFO [BrokerLifecycleManager id=1] Skipping controlled shutdown because we are in state NOT_RUNNING. (kafka.server.BrokerLifecycleManager)
[2026-05-21 13:08:55,632] INFO [BrokerLifecycleManager id=1] beginShutdown: shutting down event queue. (org.apache.kafka.queue.KafkaEventQueue)
[2026-05-21 13:08:55,634] INFO [BrokerLifecycleManager id=1] Transitioning from NOT_RUNNING to SHUTTING_DOWN. (kafka.server.BrokerLifecycleManager)
[2026-05-21 13:08:55,638] INFO [broker-1-to-controller-forwarding-channel-manager]: Shutting down (kafka.server.NodeToControllerRequestThread)
[2026-05-21 13:08:55,640] INFO [broker-1-to-controller-forwarding-channel-manager]: Stopped (kafka.server.NodeToControllerRequestThread)
[2026-05-21 13:08:55,640] INFO [broker-1-to-controller-forwarding-channel-manager]: Shutdown completed (kafka.server.NodeToControllerRequestThread)
[2026-05-21 13:08:55,644] INFO Node to controller channel manager for forwarding shutdown (kafka.server.NodeToControllerChannelManagerImpl)
[2026-05-21 13:08:55,646] INFO Shutting down. (kafka.log.LogManager)
[2026-05-21 13:08:55,689] INFO Shutdown complete. (kafka.log.LogManager)
[2026-05-21 13:08:55,694] INFO [broker-1-ThrottledChannelReaper-Fetch]: Shutting down (kafka.server.ClientQuotaManager$ThrottledChannelReaper)
[2026-05-21 13:08:55,697] INFO [broker-1-ThrottledChannelReaper-Fetch]: Stopped (kafka.server.ClientQuotaManager$ThrottledChannelReaper)
[2026-05-21 13:08:55,697] INFO [broker-1-ThrottledChannelReaper-Fetch]: Shutdown completed (kafka.server.ClientQuotaManager$ThrottledChannelReaper)
[2026-05-21 13:08:55,700] INFO [broker-1-ThrottledChannelReaper-Produce]: Shutting down (kafka.server.ClientQuotaManager$ThrottledChannelReaper)
[2026-05-21 13:08:55,700] INFO [broker-1-ThrottledChannelReaper-Produce]: Stopped (kafka.server.ClientQuotaManager$ThrottledChannelReaper)
[2026-05-21 13:08:55,700] INFO [broker-1-ThrottledChannelReaper-Produce]: Shutdown completed (kafka.server.ClientQuotaManager$ThrottledChannelReaper)
[2026-05-21 13:08:55,701] INFO [broker-1-ThrottledChannelReaper-Request]: Shutting down (kafka.server.ClientQuotaManager$ThrottledChannelReaper)
[2026-05-21 13:08:55,702] INFO [broker-1-ThrottledChannelReaper-Request]: Stopped (kafka.server.ClientQuotaManager$ThrottledChannelReaper)
[2026-05-21 13:08:55,702] INFO [broker-1-ThrottledChannelReaper-Request]: Shutdown completed (kafka.server.ClientQuotaManager$ThrottledChannelReaper)
[2026-05-21 13:08:55,703] INFO [broker-1-ThrottledChannelReaper-ControllerMutation]: Shutting down (kafka.server.ClientQuotaManager$ThrottledChannelReaper)
[2026-05-21 13:08:55,704] INFO [broker-1-ThrottledChannelReaper-ControllerMutation]: Stopped (kafka.server.ClientQuotaManager$ThrottledChannelReaper)
[2026-05-21 13:08:55,704] INFO [broker-1-ThrottledChannelReaper-ControllerMutation]: Shutdown completed (kafka.server.ClientQuotaManager$ThrottledChannelReaper)
[2026-05-21 13:08:55,708] INFO Broker and topic stats closed (kafka.server.BrokerTopicStats)
[2026-05-21 13:08:55,709] INFO [BrokerLifecycleManager id=1] closed event queue. (org.apache.kafka.queue.KafkaEventQueue)
[2026-05-21 13:08:55,711] INFO [ControllerRegistrationManager id=1 incarnation=9Sp9rsiFSnaEzd-mU4k0xQ] Our registration has been persisted to the metadata log. (kafka.server.ControllerRegistrationManager)
[2026-05-21 13:08:55,712] INFO [client-metrics-reaper]: Shutting down (org.apache.kafka.server.util.timer.SystemTimerReaper$Reaper)
[2026-05-21 13:08:55,716] INFO [client-metrics-reaper]: Stopped (org.apache.kafka.server.util.timer.SystemTimerReaper$Reaper)
[2026-05-21 13:08:55,716] INFO [ControllerRegistrationManager id=1 incarnation=9Sp9rsiFSnaEzd-mU4k0xQ] RegistrationResponseHandler: controller acknowledged ControllerRegistrationRequest. (kafka.server.ControllerRegistrationManager)
[2026-05-21 13:08:55,716] INFO [client-metrics-reaper]: Shutdown completed (org.apache.kafka.server.util.timer.SystemTimerReaper$Reaper)
[2026-05-21 13:08:55,721] INFO [BrokerServer id=1] shut down completed (kafka.server.BrokerServer)
[2026-05-21 13:08:55,721] INFO [BrokerServer id=1] Transition from SHUTTING_DOWN to SHUTDOWN (kafka.server.BrokerServer)
[2026-05-21 13:08:55,722] ERROR Exiting Kafka due to fatal exception during startup. (kafka.Kafka$)
java.lang.IllegalArgumentException: Could not find a 'KafkaServer' or 'sasl_plaintext.KafkaServer' entry in the JAAS configuration. System property 'java.security.auth.login.config' is not set
	at org.apache.kafka.common.security.JaasContext.defaultContext(JaasContext.java:152)
	at org.apache.kafka.common.security.JaasContext.load(JaasContext.java:105)
	at org.apache.kafka.common.security.JaasContext.loadServerContext(JaasContext.java:76)
	at org.apache.kafka.common.network.ChannelBuilders.create(ChannelBuilders.java:144)
	at org.apache.kafka.common.network.ChannelBuilders.serverChannelBuilder(ChannelBuilders.java:108)
	at kafka.network.Processor.<init>(SocketServer.scala:976)
	at kafka.network.Acceptor.newProcessor(SocketServer.scala:881)
	at kafka.network.Acceptor.$anonfun$addProcessors$1(SocketServer.scala:851)
	at scala.collection.immutable.Range.foreach$mVc$sp(Range.scala:190)
	at kafka.network.Acceptor.addProcessors(SocketServer.scala:850)
	at kafka.network.DataPlaneAcceptor.configure(SocketServer.scala:524)
	at kafka.network.SocketServer.createDataPlaneAcceptorAndProcessors(SocketServer.scala:252)
	at kafka.network.SocketServer.$anonfun$new$31(SocketServer.scala:176)
	at kafka.network.SocketServer.$anonfun$new$31$adapted(SocketServer.scala:176)
	at scala.collection.IterableOnceOps.foreach(IterableOnce.scala:619)
	at scala.collection.IterableOnceOps.foreach$(IterableOnce.scala:617)
	at scala.collection.AbstractIterable.foreach(Iterable.scala:935)
	at kafka.network.SocketServer.<init>(SocketServer.scala:176)
	at kafka.server.BrokerServer.startup(BrokerServer.scala:252)
	at kafka.server.KafkaRaftServer.$anonfun$startup$2(KafkaRaftServer.scala:99)
	at kafka.server.KafkaRaftServer.$anonfun$startup$2$adapted(KafkaRaftServer.scala:99)
	at scala.Option.foreach(Option.scala:437)
	at kafka.server.KafkaRaftServer.startup(KafkaRaftServer.scala:99)
	at kafka.Kafka$.main(Kafka.scala:112)
	at kafka.Kafka.main(Kafka.scala)
[2026-05-21 13:08:55,725] INFO [ControllerServer id=1] shutting down (kafka.server.ControllerServer)
[2026-05-21 13:08:55,728] INFO [raft-expiration-reaper]: Shutting down (kafka.raft.TimingWheelExpirationService$ExpiredOperationReaper)
[2026-05-21 13:08:55,812] INFO [raft-expiration-reaper]: Stopped (kafka.raft.TimingWheelExpirationService$ExpiredOperationReaper)
[2026-05-21 13:08:55,812] INFO [raft-expiration-reaper]: Shutdown completed (kafka.raft.TimingWheelExpirationService$ExpiredOperationReaper)
[2026-05-21 13:08:55,815] INFO [kafka-1-raft-io-thread]: Shutting down (org.apache.kafka.raft.KafkaRaftClientDriver)
[2026-05-21 13:08:55,816] INFO [RaftManager id=1] Beginning graceful shutdown (org.apache.kafka.raft.KafkaRaftClient)
[2026-05-21 13:08:55,817] INFO [RaftManager id=1] Graceful shutdown completed (org.apache.kafka.raft.KafkaRaftClient)
[2026-05-21 13:08:55,818] INFO [RaftManager id=1] Completed graceful shutdown of RaftClient (org.apache.kafka.raft.KafkaRaftClientDriver)
[2026-05-21 13:08:55,819] INFO [kafka-1-raft-io-thread]: Stopped (org.apache.kafka.raft.KafkaRaftClientDriver)
[2026-05-21 13:08:55,819] INFO [kafka-1-raft-io-thread]: Shutdown completed (org.apache.kafka.raft.KafkaRaftClientDriver)
[2026-05-21 13:08:55,824] INFO [kafka-1-raft-outbound-request-thread]: Shutting down (org.apache.kafka.raft.KafkaNetworkChannel$SendThread)
[2026-05-21 13:08:55,827] INFO [kafka-1-raft-outbound-request-thread]: Stopped (org.apache.kafka.raft.KafkaNetworkChannel$SendThread)
[2026-05-21 13:08:55,827] INFO [kafka-1-raft-outbound-request-thread]: Shutdown completed (org.apache.kafka.raft.KafkaNetworkChannel$SendThread)
[2026-05-21 13:08:55,832] INFO [ProducerStateManager partition=__cluster_metadata-0] Wrote producer snapshot at offset 8 with 0 producer ids in 2 ms. (org.apache.kafka.storage.internals.log.ProducerStateManager)
[2026-05-21 13:08:55,839] INFO [ControllerRegistrationManager id=1 incarnation=9Sp9rsiFSnaEzd-mU4k0xQ] beginShutdown: shutting down event queue. (org.apache.kafka.queue.KafkaEventQueue)
[2026-05-21 13:08:55,840] INFO [ControllerRegistrationManager id=1 incarnation=9Sp9rsiFSnaEzd-mU4k0xQ] shutting down. (kafka.server.ControllerRegistrationManager)
[2026-05-21 13:08:55,841] INFO [controller-1-to-controller-registration-channel-manager]: Shutting down (kafka.server.NodeToControllerRequestThread)
[2026-05-21 13:08:55,842] INFO [controller-1-to-controller-registration-channel-manager]: Stopped (kafka.server.NodeToControllerRequestThread)
[2026-05-21 13:08:55,842] INFO [controller-1-to-controller-registration-channel-manager]: Shutdown completed (kafka.server.NodeToControllerRequestThread)
[2026-05-21 13:08:55,847] INFO Node to controller channel manager for registration shutdown (kafka.server.NodeToControllerChannelManagerImpl)
[2026-05-21 13:08:55,848] INFO [ControllerRegistrationManager id=1 incarnation=9Sp9rsiFSnaEzd-mU4k0xQ] closed event queue. (org.apache.kafka.queue.KafkaEventQueue)
[2026-05-21 13:08:55,849] INFO [controller-1-to-controller-registration-channel-manager]: Shutdown completed (kafka.server.NodeToControllerRequestThread)
[2026-05-21 13:08:55,849] WARN [NodeToControllerChannelManager id=1 name=registration] Attempting to close NetworkClient that has already been closed. (org.apache.kafka.clients.NetworkClient)
[2026-05-21 13:08:55,850] INFO Node to controller channel manager for registration shutdown (kafka.server.NodeToControllerChannelManagerImpl)
[2026-05-21 13:08:55,851] INFO [ControllerRegistrationManager id=1 incarnation=9Sp9rsiFSnaEzd-mU4k0xQ] closed event queue. (org.apache.kafka.queue.KafkaEventQueue)
[2026-05-21 13:08:55,855] INFO [SocketServer listenerType=CONTROLLER, nodeId=1] Stopping socket server request processors (kafka.network.SocketServer)
[2026-05-21 13:08:55,865] INFO [SocketServer listenerType=CONTROLLER, nodeId=1] Stopped socket server request processors (kafka.network.SocketServer)
[2026-05-21 13:08:55,868] INFO [QuorumController id=1] QuorumController#beginShutdown: shutting down event queue. (org.apache.kafka.queue.KafkaEventQueue)
[2026-05-21 13:08:55,869] INFO [SocketServer listenerType=CONTROLLER, nodeId=1] Shutting down socket server (kafka.network.SocketServer)
[2026-05-21 13:08:55,882] INFO [SocketServer listenerType=CONTROLLER, nodeId=1] Shutdown completed (kafka.network.SocketServer)
[2026-05-21 13:08:55,884] INFO [data-plane Kafka Request Handler on Broker 1], shutting down (kafka.server.KafkaRequestHandlerPool)
[2026-05-21 13:08:55,887] INFO [data-plane Kafka Request Handler on Broker 1], shut down completely (kafka.server.KafkaRequestHandlerPool)
[2026-05-21 13:08:55,889] INFO [ExpirationReaper-1-AlterAcls]: Shutting down (kafka.server.DelayedOperationPurgatory$ExpiredOperationReaper)
[2026-05-21 13:08:55,892] INFO [ExpirationReaper-1-AlterAcls]: Stopped (kafka.server.DelayedOperationPurgatory$ExpiredOperationReaper)
[2026-05-21 13:08:55,892] INFO [ExpirationReaper-1-AlterAcls]: Shutdown completed (kafka.server.DelayedOperationPurgatory$ExpiredOperationReaper)
[2026-05-21 13:08:55,895] INFO [controller-1-ThrottledChannelReaper-Fetch]: Shutting down (kafka.server.ClientQuotaManager$ThrottledChannelReaper)
[2026-05-21 13:08:55,896] INFO [controller-1-ThrottledChannelReaper-Fetch]: Stopped (kafka.server.ClientQuotaManager$ThrottledChannelReaper)
[2026-05-21 13:08:55,896] INFO [controller-1-ThrottledChannelReaper-Fetch]: Shutdown completed (kafka.server.ClientQuotaManager$ThrottledChannelReaper)
[2026-05-21 13:08:55,897] INFO [controller-1-ThrottledChannelReaper-Produce]: Shutting down (kafka.server.ClientQuotaManager$ThrottledChannelReaper)
[2026-05-21 13:08:55,898] INFO [controller-1-ThrottledChannelReaper-Produce]: Stopped (kafka.server.ClientQuotaManager$ThrottledChannelReaper)
[2026-05-21 13:08:55,898] INFO [controller-1-ThrottledChannelReaper-Produce]: Shutdown completed (kafka.server.ClientQuotaManager$ThrottledChannelReaper)
[2026-05-21 13:08:55,899] INFO [controller-1-ThrottledChannelReaper-Request]: Shutting down (kafka.server.ClientQuotaManager$ThrottledChannelReaper)
[2026-05-21 13:08:55,900] INFO [controller-1-ThrottledChannelReaper-Request]: Stopped (kafka.server.ClientQuotaManager$ThrottledChannelReaper)
[2026-05-21 13:08:55,900] INFO [controller-1-ThrottledChannelReaper-Request]: Shutdown completed (kafka.server.ClientQuotaManager$ThrottledChannelReaper)
[2026-05-21 13:08:55,901] INFO [controller-1-ThrottledChannelReaper-ControllerMutation]: Shutting down (kafka.server.ClientQuotaManager$ThrottledChannelReaper)
[2026-05-21 13:08:55,902] INFO [controller-1-ThrottledChannelReaper-ControllerMutation]: Stopped (kafka.server.ClientQuotaManager$ThrottledChannelReaper)
[2026-05-21 13:08:55,902] INFO [controller-1-ThrottledChannelReaper-ControllerMutation]: Shutdown completed (kafka.server.ClientQuotaManager$ThrottledChannelReaper)
[2026-05-21 13:08:55,903] INFO [QuorumController id=1] closed event queue. (org.apache.kafka.queue.KafkaEventQueue)
[2026-05-21 13:08:55,905] INFO [SharedServer id=1] Stopping SharedServer (kafka.server.SharedServer)
[2026-05-21 13:08:55,907] INFO [MetadataLoader id=1] beginShutdown: shutting down event queue. (org.apache.kafka.queue.KafkaEventQueue)
[2026-05-21 13:08:55,908] INFO [SnapshotGenerator id=1] close: shutting down event queue. (org.apache.kafka.queue.KafkaEventQueue)
[2026-05-21 13:08:55,909] INFO [SnapshotGenerator id=1] closed event queue. (org.apache.kafka.queue.KafkaEventQueue)
[2026-05-21 13:08:55,911] INFO [MetadataLoader id=1] closed event queue. (org.apache.kafka.queue.KafkaEventQueue)
[2026-05-21 13:08:55,913] INFO [SnapshotGenerator id=1] closed event queue. (org.apache.kafka.queue.KafkaEventQueue)
[2026-05-21 13:08:55,914] INFO Metrics scheduler closed (org.apache.kafka.common.metrics.Metrics)
[2026-05-21 13:08:55,915] INFO Metrics reporters closed (org.apache.kafka.common.metrics.Metrics)
[2026-05-21 13:08:55,916] INFO App info kafka.server for 1 unregistered (org.apache.kafka.common.utils.AppInfoParser)
[2026-05-21 13:08:55,917] INFO App info kafka.server for 1 unregistered (org.apache.kafka.common.utils.AppInfoParser)
[2026-05-21 13:09:04,589] INFO Registered kafka:type=kafka.Log4jController MBean (kafka.utils.Log4jControllerRegistration$)
[2026-05-21 13:09:05,185] INFO Setting -D jdk.tls.rejectClientInitiatedRenegotiation=true to disable client-initiated TLS renegotiation (org.apache.zookeeper.common.X509Util)
[2026-05-21 13:09:05,554] INFO Registered signal handlers for TERM, INT, HUP (org.apache.kafka.common.utils.LoggingSignalHandler)
[2026-05-21 13:09:05,561] INFO [ControllerServer id=1] Starting controller (kafka.server.ControllerServer)
[2026-05-21 13:09:06,412] INFO Updated connection-accept-rate max connection creation rate to 2147483647 (kafka.network.ConnectionQuotas)
[2026-05-21 13:09:06,471] INFO [SocketServer listenerType=CONTROLLER, nodeId=1] Created data-plane acceptor and processors for endpoint : ListenerName(CONTROLLER) (kafka.network.SocketServer)
[2026-05-21 13:09:06,488] INFO authorizerStart completed for endpoint CONTROLLER. Endpoint is now READY. (org.apache.kafka.server.network.EndpointReadyFutures)
[2026-05-21 13:09:06,492] INFO [SharedServer id=1] Starting SharedServer (kafka.server.SharedServer)
[2026-05-21 13:09:06,600] INFO [LogLoader partition=__cluster_metadata-0, dir=/tmp/kraft-combined-logs] Recovering unflushed segment 0. 0/1 recovered for __cluster_metadata-0. (kafka.log.LogLoader)
[2026-05-21 13:09:06,602] INFO [LogLoader partition=__cluster_metadata-0, dir=/tmp/kraft-combined-logs] Loading producer state till offset 0 with message format version 2 (kafka.log.UnifiedLog$)
[2026-05-21 13:09:06,604] INFO [LogLoader partition=__cluster_metadata-0, dir=/tmp/kraft-combined-logs] Reloading from producer snapshot and rebuilding producer state from offset 0 (kafka.log.UnifiedLog$)
[2026-05-21 13:09:06,605] INFO Deleted producer state snapshot /tmp/kraft-combined-logs/__cluster_metadata-0/00000000000000000006.snapshot (org.apache.kafka.storage.internals.log.SnapshotFile)
[2026-05-21 13:09:06,605] INFO Deleted producer state snapshot /tmp/kraft-combined-logs/__cluster_metadata-0/00000000000000000008.snapshot (org.apache.kafka.storage.internals.log.SnapshotFile)
[2026-05-21 13:09:06,606] INFO [LogLoader partition=__cluster_metadata-0, dir=/tmp/kraft-combined-logs] Producer state recovery took 2ms for snapshot load and 0ms for segment recovery from offset 0 (kafka.log.UnifiedLog$)
[2026-05-21 13:09:06,631] INFO [ProducerStateManager partition=__cluster_metadata-0] Wrote producer snapshot at offset 8 with 0 producer ids in 4 ms. (org.apache.kafka.storage.internals.log.ProducerStateManager)
[2026-05-21 13:09:06,644] INFO [LogLoader partition=__cluster_metadata-0, dir=/tmp/kraft-combined-logs] Loading producer state till offset 8 with message format version 2 (kafka.log.UnifiedLog$)
[2026-05-21 13:09:06,645] INFO [LogLoader partition=__cluster_metadata-0, dir=/tmp/kraft-combined-logs] Reloading from producer snapshot and rebuilding producer state from offset 8 (kafka.log.UnifiedLog$)
[2026-05-21 13:09:06,646] INFO [ProducerStateManager partition=__cluster_metadata-0] Loading producer state from snapshot file 'SnapshotFile(offset=8, file=/tmp/kraft-combined-logs/__cluster_metadata-0/00000000000000000008.snapshot)' (org.apache.kafka.storage.internals.log.ProducerStateManager)
[2026-05-21 13:09:06,649] INFO [LogLoader partition=__cluster_metadata-0, dir=/tmp/kraft-combined-logs] Producer state recovery took 3ms for snapshot load and 0ms for segment recovery from offset 8 (kafka.log.UnifiedLog$)
[2026-05-21 13:09:06,713] INFO Initialized snapshots with IDs SortedSet() from /tmp/kraft-combined-logs/__cluster_metadata-0 (kafka.raft.KafkaMetadataLog$)
[2026-05-21 13:09:06,747] INFO [raft-expiration-reaper]: Starting (kafka.raft.TimingWheelExpirationService$ExpiredOperationReaper)
[2026-05-21 13:09:06,783] INFO [RaftManager id=1] Reading KRaft snapshot and log as part of the initialization (org.apache.kafka.raft.KafkaRaftClient)
[2026-05-21 13:09:06,820] INFO [RaftManager id=1] Starting voters are VoterSet(voters={1=VoterNode(voterKey=ReplicaKey(id=1, directoryId=Optional.empty), listeners=Endpoints(endpoints={ListenerName(CONTROLLER)=localhost/127.0.0.1:9093}), supportedKRaftVersion=SupportedVersionRange[min_version:0, max_version:0])}) (org.apache.kafka.raft.KafkaRaftClient)
[2026-05-21 13:09:06,822] INFO [RaftManager id=1] Starting request manager with static voters: [localhost:9093 (id: 1 rack: null)] (org.apache.kafka.raft.KafkaRaftClient)
[2026-05-21 13:09:07,175] INFO [RaftManager id=1] Attempting durable transition to ResignedState(localId=1, epoch=2, voters=[1], electionTimeoutMs=1556, unackedVoters=[], preferredSuccessors=[]) from null (org.apache.kafka.raft.QuorumState)
[2026-05-21 13:09:07,219] INFO [RaftManager id=1] Completed transition to ResignedState(localId=1, epoch=2, voters=[1], electionTimeoutMs=1556, unackedVoters=[], preferredSuccessors=[]) from null (org.apache.kafka.raft.QuorumState)
[2026-05-21 13:09:07,225] INFO [RaftManager id=1] Attempting durable transition to CandidateState(localId=1, localDirectoryId=Vsyv6xM4_cQruLrWP_G-EA,epoch=3, retries=1, voteStates={1=org.apache.kafka.raft.CandidateState$VoterState@de77232}, highWatermark=Optional.empty, electionTimeoutMs=1616) from ResignedState(localId=1, epoch=2, voters=[1], electionTimeoutMs=1556, unackedVoters=[], preferredSuccessors=[]) (org.apache.kafka.raft.QuorumState)
[2026-05-21 13:09:07,233] INFO [RaftManager id=1] Completed transition to CandidateState(localId=1, localDirectoryId=Vsyv6xM4_cQruLrWP_G-EA,epoch=3, retries=1, voteStates={1=org.apache.kafka.raft.CandidateState$VoterState@de77232}, highWatermark=Optional.empty, electionTimeoutMs=1616) from ResignedState(localId=1, epoch=2, voters=[1], electionTimeoutMs=1556, unackedVoters=[], preferredSuccessors=[]) (org.apache.kafka.raft.QuorumState)
[2026-05-21 13:09:07,240] INFO [RaftManager id=1] Attempting durable transition to Leader(localReplicaKey=ReplicaKey(id=1, directoryId=Optional[Vsyv6xM4_cQruLrWP_G-EA]), epoch=3, epochStartOffset=8, highWatermark=Optional.empty, voterStates={1=ReplicaState(replicaKey=ReplicaKey(id=1, directoryId=Optional.empty), endOffset=Optional.empty, lastFetchTimestamp=-1, lastCaughtUpTimestamp=-1, hasAcknowledgedLeader=true)}) from CandidateState(localId=1, localDirectoryId=Vsyv6xM4_cQruLrWP_G-EA,epoch=3, retries=1, voteStates={1=org.apache.kafka.raft.CandidateState$VoterState@de77232}, highWatermark=Optional.empty, electionTimeoutMs=1616) (org.apache.kafka.raft.QuorumState)
[2026-05-21 13:09:07,246] INFO [RaftManager id=1] Completed transition to Leader(localReplicaKey=ReplicaKey(id=1, directoryId=Optional[Vsyv6xM4_cQruLrWP_G-EA]), epoch=3, epochStartOffset=8, highWatermark=Optional.empty, voterStates={1=ReplicaState(replicaKey=ReplicaKey(id=1, directoryId=Optional.empty), endOffset=Optional.empty, lastFetchTimestamp=-1, lastCaughtUpTimestamp=-1, hasAcknowledgedLeader=true)}) from CandidateState(localId=1, localDirectoryId=Vsyv6xM4_cQruLrWP_G-EA,epoch=3, retries=1, voteStates={1=org.apache.kafka.raft.CandidateState$VoterState@de77232}, highWatermark=Optional.empty, electionTimeoutMs=1616) (org.apache.kafka.raft.QuorumState)
[2026-05-21 13:09:07,281] INFO [kafka-1-raft-outbound-request-thread]: Starting (org.apache.kafka.raft.KafkaNetworkChannel$SendThread)
[2026-05-21 13:09:07,282] INFO [kafka-1-raft-io-thread]: Starting (org.apache.kafka.raft.KafkaRaftClientDriver)
[2026-05-21 13:09:07,335] INFO [MetadataLoader id=1] initializeNewPublishers: The loader is still catching up because we have loaded up to offset -1, but the high water mark is 9 (org.apache.kafka.image.loader.MetadataLoader)
[2026-05-21 13:09:07,335] INFO [RaftManager id=1] High watermark set to LogOffsetMetadata(offset=9, metadata=Optional[(segmentBaseOffset=0,relativePositionInSegment=746)]) for the first time for epoch 3 based on indexOfHw 0 and voters [ReplicaState(replicaKey=ReplicaKey(id=1, directoryId=Optional.empty), endOffset=Optional[LogOffsetMetadata(offset=9, metadata=Optional[(segmentBaseOffset=0,relativePositionInSegment=746)])], lastFetchTimestamp=-1, lastCaughtUpTimestamp=-1, hasAcknowledgedLeader=true)] (org.apache.kafka.raft.LeaderState)
[2026-05-21 13:09:07,339] INFO [ControllerServer id=1] Waiting for controller quorum voters future (kafka.server.ControllerServer)
[2026-05-21 13:09:07,340] INFO [ControllerServer id=1] Finished waiting for controller quorum voters future (kafka.server.ControllerServer)
[2026-05-21 13:09:07,352] INFO [RaftManager id=1] Registered the listener org.apache.kafka.image.loader.MetadataLoader@716984712 (org.apache.kafka.raft.KafkaRaftClient)
[2026-05-21 13:09:07,358] INFO [RaftManager id=1] Setting the next offset of org.apache.kafka.image.loader.MetadataLoader@716984712 to 0 since there are no snapshots (org.apache.kafka.raft.KafkaRaftClient)
[2026-05-21 13:09:07,366] INFO [MetadataLoader id=1] maybePublishMetadata(LOG_DELTA): The loader is still catching up because we have loaded up to offset 0, but the high water mark is 9 (org.apache.kafka.image.loader.MetadataLoader)
[2026-05-21 13:09:07,386] INFO [MetadataLoader id=1] maybePublishMetadata(LOG_DELTA): The loader finished catching up to the current high water mark of 9 (org.apache.kafka.image.loader.MetadataLoader)
[2026-05-21 13:09:07,398] INFO [MetadataLoader id=1] InitializeNewPublishers: initializing SnapshotGenerator with a snapshot at offset 8 (org.apache.kafka.image.loader.MetadataLoader)
[2026-05-21 13:09:07,443] INFO [RaftManager id=1] Registered the listener org.apache.kafka.controller.QuorumController$QuorumMetaLogListener@953584178 (org.apache.kafka.raft.KafkaRaftClient)
[2026-05-21 13:09:07,444] INFO [RaftManager id=1] Setting the next offset of org.apache.kafka.controller.QuorumController$QuorumMetaLogListener@953584178 to 0 since there are no snapshots (org.apache.kafka.raft.KafkaRaftClient)
[2026-05-21 13:09:07,467] INFO [controller-1-ThrottledChannelReaper-Fetch]: Starting (kafka.server.ClientQuotaManager$ThrottledChannelReaper)
[2026-05-21 13:09:07,470] INFO [controller-1-ThrottledChannelReaper-Produce]: Starting (kafka.server.ClientQuotaManager$ThrottledChannelReaper)
[2026-05-21 13:09:07,474] INFO [controller-1-ThrottledChannelReaper-Request]: Starting (kafka.server.ClientQuotaManager$ThrottledChannelReaper)
[2026-05-21 13:09:07,482] INFO [controller-1-ThrottledChannelReaper-ControllerMutation]: Starting (kafka.server.ClientQuotaManager$ThrottledChannelReaper)
[2026-05-21 13:09:07,531] INFO [ExpirationReaper-1-AlterAcls]: Starting (kafka.server.DelayedOperationPurgatory$ExpiredOperationReaper)
[2026-05-21 13:09:07,565] INFO [ControllerServer id=1] Waiting for the controller metadata publishers to be installed (kafka.server.ControllerServer)
[2026-05-21 13:09:07,566] INFO [MetadataLoader id=1] InitializeNewPublishers: initializing KRaftMetadataCachePublisher with a snapshot at offset 8 (org.apache.kafka.image.loader.MetadataLoader)
[2026-05-21 13:09:07,566] INFO [ControllerServer id=1] Finished waiting for the controller metadata publishers to be installed (kafka.server.ControllerServer)
[2026-05-21 13:09:07,566] INFO [MetadataLoader id=1] InitializeNewPublishers: initializing FeaturesPublisher with a snapshot at offset 8 (org.apache.kafka.image.loader.MetadataLoader)
[2026-05-21 13:09:07,567] INFO [SocketServer listenerType=CONTROLLER, nodeId=1] Enabling request processing. (kafka.network.SocketServer)
[2026-05-21 13:09:07,568] INFO [ControllerServer id=1] Loaded new metadata Features(metadataVersion=3.9-IV0, finalizedFeatures={metadata.version=21}, finalizedFeaturesEpoch=8). (org.apache.kafka.metadata.publisher.FeaturesPublisher)
[2026-05-21 13:09:07,569] INFO [MetadataLoader id=1] InitializeNewPublishers: initializing ControllerRegistrationsPublisher with a snapshot at offset 8 (org.apache.kafka.image.loader.MetadataLoader)
[2026-05-21 13:09:07,569] INFO [MetadataLoader id=1] InitializeNewPublishers: initializing ControllerRegistrationManager with a snapshot at offset 8 (org.apache.kafka.image.loader.MetadataLoader)
[2026-05-21 13:09:07,571] INFO [MetadataLoader id=1] InitializeNewPublishers: initializing DynamicConfigPublisher controller id=1 with a snapshot at offset 8 (org.apache.kafka.image.loader.MetadataLoader)
[2026-05-21 13:09:07,572] INFO [ControllerRegistrationManager id=1 incarnation=fwfd1XsfSm632D749XiNkw] Found registration for 9Sp9rsiFSnaEzd-mU4k0xQ instead of our incarnation. (kafka.server.ControllerRegistrationManager)
[2026-05-21 13:09:07,573] INFO [MetadataLoader id=1] InitializeNewPublishers: initializing DynamicClientQuotaPublisher controller id=1 with a snapshot at offset 8 (org.apache.kafka.image.loader.MetadataLoader)
[2026-05-21 13:09:07,573] INFO Awaiting socket connections on 0.0.0.0:9093. (kafka.network.DataPlaneAcceptor)
[2026-05-21 13:09:07,577] INFO [MetadataLoader id=1] InitializeNewPublishers: initializing ScramPublisher controller id=1 with a snapshot at offset 8 (org.apache.kafka.image.loader.MetadataLoader)
[2026-05-21 13:09:07,579] INFO [MetadataLoader id=1] InitializeNewPublishers: initializing DelegationTokenPublisher controller id=1 with a snapshot at offset 8 (org.apache.kafka.image.loader.MetadataLoader)
[2026-05-21 13:09:07,583] INFO [MetadataLoader id=1] InitializeNewPublishers: initializing ControllerMetadataMetricsPublisher with a snapshot at offset 8 (org.apache.kafka.image.loader.MetadataLoader)
[2026-05-21 13:09:07,585] INFO [MetadataLoader id=1] InitializeNewPublishers: initializing AclPublisher controller id=1 with a snapshot at offset 8 (org.apache.kafka.image.loader.MetadataLoader)
[2026-05-21 13:09:07,597] INFO [controller-1-to-controller-registration-channel-manager]: Starting (kafka.server.NodeToControllerRequestThread)
[2026-05-21 13:09:07,597] INFO [ControllerServer id=1] Waiting for all of the authorizer futures to be completed (kafka.server.ControllerServer)
[2026-05-21 13:09:07,598] INFO [ControllerRegistrationManager id=1 incarnation=fwfd1XsfSm632D749XiNkw] initialized channel manager. (kafka.server.ControllerRegistrationManager)
[2026-05-21 13:09:07,598] INFO [ControllerServer id=1] Finished waiting for all of the authorizer futures to be completed (kafka.server.ControllerServer)
[2026-05-21 13:09:07,600] INFO [controller-1-to-controller-registration-channel-manager]: Recorded new KRaft controller, from now on will use node localhost:9093 (id: 1 rack: null) (kafka.server.NodeToControllerRequestThread)
[2026-05-21 13:09:07,601] INFO [ControllerServer id=1] Waiting for all of the SocketServer Acceptors to be started (kafka.server.ControllerServer)
[2026-05-21 13:09:07,602] INFO [ControllerServer id=1] Finished waiting for all of the SocketServer Acceptors to be started (kafka.server.ControllerServer)
[2026-05-21 13:09:07,604] INFO [BrokerServer id=1] Transition from SHUTDOWN to STARTING (kafka.server.BrokerServer)
[2026-05-21 13:09:07,604] INFO [ControllerRegistrationManager id=1 incarnation=fwfd1XsfSm632D749XiNkw] sendControllerRegistration: attempting to send ControllerRegistrationRequestData(controllerId=1, incarnationId=fwfd1XsfSm632D749XiNkw, zkMigrationReady=false, listeners=[Listener(name='CONTROLLER', host='localhost', port=9093, securityProtocol=0)], features=[Feature(name='kraft.version', minSupportedVersion=0, maxSupportedVersion=1), Feature(name='metadata.version', minSupportedVersion=1, maxSupportedVersion=21)]) (kafka.server.ControllerRegistrationManager)
[2026-05-21 13:09:07,606] INFO [BrokerServer id=1] Starting broker (kafka.server.BrokerServer)
[2026-05-21 13:09:07,614] INFO [broker-1-ThrottledChannelReaper-Fetch]: Starting (kafka.server.ClientQuotaManager$ThrottledChannelReaper)
[2026-05-21 13:09:07,617] INFO [broker-1-ThrottledChannelReaper-Produce]: Starting (kafka.server.ClientQuotaManager$ThrottledChannelReaper)
[2026-05-21 13:09:07,618] INFO [broker-1-ThrottledChannelReaper-ControllerMutation]: Starting (kafka.server.ClientQuotaManager$ThrottledChannelReaper)
[2026-05-21 13:09:07,617] INFO [broker-1-ThrottledChannelReaper-Request]: Starting (kafka.server.ClientQuotaManager$ThrottledChannelReaper)
[2026-05-21 13:09:07,669] INFO [BrokerServer id=1] Waiting for controller quorum voters future (kafka.server.BrokerServer)
[2026-05-21 13:09:07,670] INFO [BrokerServer id=1] Finished waiting for controller quorum voters future (kafka.server.BrokerServer)
[2026-05-21 13:09:07,672] INFO [broker-1-to-controller-forwarding-channel-manager]: Starting (kafka.server.NodeToControllerRequestThread)
[2026-05-21 13:09:07,676] INFO [broker-1-to-controller-forwarding-channel-manager]: Recorded new KRaft controller, from now on will use node localhost:9093 (id: 1 rack: null) (kafka.server.NodeToControllerRequestThread)
[2026-05-21 13:09:07,749] INFO [client-metrics-reaper]: Starting (org.apache.kafka.server.util.timer.SystemTimerReaper$Reaper)
[2026-05-21 13:09:07,799] INFO Updated connection-accept-rate max connection creation rate to 2147483647 (kafka.network.ConnectionQuotas)
[2026-05-21 13:09:07,805] INFO [BrokerServer id=1] Transition from STARTING to STARTED (kafka.server.BrokerServer)
[2026-05-21 13:09:07,817] ERROR [BrokerServer id=1] Fatal error during broker startup. Prepare to shutdown (kafka.server.BrokerServer)
java.lang.IllegalArgumentException: Could not find a 'KafkaServer' or 'sasl_plaintext.KafkaServer' entry in the JAAS configuration. System property 'java.security.auth.login.config' is not set
	at org.apache.kafka.common.security.JaasContext.defaultContext(JaasContext.java:152)
	at org.apache.kafka.common.security.JaasContext.load(JaasContext.java:105)
	at org.apache.kafka.common.security.JaasContext.loadServerContext(JaasContext.java:76)
	at org.apache.kafka.common.network.ChannelBuilders.create(ChannelBuilders.java:144)
	at org.apache.kafka.common.network.ChannelBuilders.serverChannelBuilder(ChannelBuilders.java:108)
	at kafka.network.Processor.<init>(SocketServer.scala:976)
	at kafka.network.Acceptor.newProcessor(SocketServer.scala:881)
	at kafka.network.Acceptor.$anonfun$addProcessors$1(SocketServer.scala:851)
	at scala.collection.immutable.Range.foreach$mVc$sp(Range.scala:190)
	at kafka.network.Acceptor.addProcessors(SocketServer.scala:850)
	at kafka.network.DataPlaneAcceptor.configure(SocketServer.scala:524)
	at kafka.network.SocketServer.createDataPlaneAcceptorAndProcessors(SocketServer.scala:252)
	at kafka.network.SocketServer.$anonfun$new$31(SocketServer.scala:176)
	at kafka.network.SocketServer.$anonfun$new$31$adapted(SocketServer.scala:176)
	at scala.collection.IterableOnceOps.foreach(IterableOnce.scala:619)
	at scala.collection.IterableOnceOps.foreach$(IterableOnce.scala:617)
	at scala.collection.AbstractIterable.foreach(Iterable.scala:935)
	at kafka.network.SocketServer.<init>(SocketServer.scala:176)
	at kafka.server.BrokerServer.startup(BrokerServer.scala:252)
	at kafka.server.KafkaRaftServer.$anonfun$startup$2(KafkaRaftServer.scala:99)
	at kafka.server.KafkaRaftServer.$anonfun$startup$2$adapted(KafkaRaftServer.scala:99)
	at scala.Option.foreach(Option.scala:437)
	at kafka.server.KafkaRaftServer.startup(KafkaRaftServer.scala:99)
	at kafka.Kafka$.main(Kafka.scala:112)
	at kafka.Kafka.main(Kafka.scala)
[2026-05-21 13:09:07,821] INFO [BrokerServer id=1] Transition from STARTED to SHUTTING_DOWN (kafka.server.BrokerServer)
[2026-05-21 13:09:07,823] INFO [BrokerServer id=1] shutting down (kafka.server.BrokerServer)
[2026-05-21 13:09:07,825] INFO [BrokerLifecycleManager id=1] Skipping controlled shutdown because we are in state NOT_RUNNING. (kafka.server.BrokerLifecycleManager)
[2026-05-21 13:09:07,826] INFO [BrokerLifecycleManager id=1] beginShutdown: shutting down event queue. (org.apache.kafka.queue.KafkaEventQueue)
[2026-05-21 13:09:07,827] INFO [BrokerLifecycleManager id=1] Transitioning from NOT_RUNNING to SHUTTING_DOWN. (kafka.server.BrokerLifecycleManager)
[2026-05-21 13:09:07,831] INFO [broker-1-to-controller-forwarding-channel-manager]: Shutting down (kafka.server.NodeToControllerRequestThread)
[2026-05-21 13:09:07,833] INFO [broker-1-to-controller-forwarding-channel-manager]: Stopped (kafka.server.NodeToControllerRequestThread)
[2026-05-21 13:09:07,833] INFO [broker-1-to-controller-forwarding-channel-manager]: Shutdown completed (kafka.server.NodeToControllerRequestThread)
[2026-05-21 13:09:07,837] INFO Node to controller channel manager for forwarding shutdown (kafka.server.NodeToControllerChannelManagerImpl)
[2026-05-21 13:09:07,839] INFO Shutting down. (kafka.log.LogManager)
[2026-05-21 13:09:07,884] INFO Shutdown complete. (kafka.log.LogManager)
[2026-05-21 13:09:07,889] INFO [broker-1-ThrottledChannelReaper-Fetch]: Shutting down (kafka.server.ClientQuotaManager$ThrottledChannelReaper)
[2026-05-21 13:09:07,892] INFO [broker-1-ThrottledChannelReaper-Fetch]: Stopped (kafka.server.ClientQuotaManager$ThrottledChannelReaper)
[2026-05-21 13:09:07,892] INFO [broker-1-ThrottledChannelReaper-Fetch]: Shutdown completed (kafka.server.ClientQuotaManager$ThrottledChannelReaper)
[2026-05-21 13:09:07,894] INFO [broker-1-ThrottledChannelReaper-Produce]: Shutting down (kafka.server.ClientQuotaManager$ThrottledChannelReaper)
[2026-05-21 13:09:07,894] INFO [broker-1-ThrottledChannelReaper-Produce]: Stopped (kafka.server.ClientQuotaManager$ThrottledChannelReaper)
[2026-05-21 13:09:07,894] INFO [broker-1-ThrottledChannelReaper-Produce]: Shutdown completed (kafka.server.ClientQuotaManager$ThrottledChannelReaper)
[2026-05-21 13:09:07,895] INFO [broker-1-ThrottledChannelReaper-Request]: Shutting down (kafka.server.ClientQuotaManager$ThrottledChannelReaper)
[2026-05-21 13:09:07,896] INFO [broker-1-ThrottledChannelReaper-Request]: Stopped (kafka.server.ClientQuotaManager$ThrottledChannelReaper)
[2026-05-21 13:09:07,896] INFO [broker-1-ThrottledChannelReaper-Request]: Shutdown completed (kafka.server.ClientQuotaManager$ThrottledChannelReaper)
[2026-05-21 13:09:07,897] INFO [broker-1-ThrottledChannelReaper-ControllerMutation]: Shutting down (kafka.server.ClientQuotaManager$ThrottledChannelReaper)
[2026-05-21 13:09:07,898] INFO [broker-1-ThrottledChannelReaper-ControllerMutation]: Stopped (kafka.server.ClientQuotaManager$ThrottledChannelReaper)
[2026-05-21 13:09:07,898] INFO [broker-1-ThrottledChannelReaper-ControllerMutation]: Shutdown completed (kafka.server.ClientQuotaManager$ThrottledChannelReaper)
[2026-05-21 13:09:07,903] INFO Broker and topic stats closed (kafka.server.BrokerTopicStats)
[2026-05-21 13:09:07,904] INFO [BrokerLifecycleManager id=1] closed event queue. (org.apache.kafka.queue.KafkaEventQueue)
[2026-05-21 13:09:07,906] INFO [client-metrics-reaper]: Shutting down (org.apache.kafka.server.util.timer.SystemTimerReaper$Reaper)
[2026-05-21 13:09:07,908] INFO [client-metrics-reaper]: Stopped (org.apache.kafka.server.util.timer.SystemTimerReaper$Reaper)
[2026-05-21 13:09:07,908] INFO [client-metrics-reaper]: Shutdown completed (org.apache.kafka.server.util.timer.SystemTimerReaper$Reaper)
[2026-05-21 13:09:07,912] INFO [BrokerServer id=1] shut down completed (kafka.server.BrokerServer)
[2026-05-21 13:09:07,913] INFO [BrokerServer id=1] Transition from SHUTTING_DOWN to SHUTDOWN (kafka.server.BrokerServer)
[2026-05-21 13:09:07,913] ERROR Exiting Kafka due to fatal exception during startup. (kafka.Kafka$)
java.lang.IllegalArgumentException: Could not find a 'KafkaServer' or 'sasl_plaintext.KafkaServer' entry in the JAAS configuration. System property 'java.security.auth.login.config' is not set
	at org.apache.kafka.common.security.JaasContext.defaultContext(JaasContext.java:152)
	at org.apache.kafka.common.security.JaasContext.load(JaasContext.java:105)
	at org.apache.kafka.common.security.JaasContext.loadServerContext(JaasContext.java:76)
	at org.apache.kafka.common.network.ChannelBuilders.create(ChannelBuilders.java:144)
	at org.apache.kafka.common.network.ChannelBuilders.serverChannelBuilder(ChannelBuilders.java:108)
	at kafka.network.Processor.<init>(SocketServer.scala:976)
	at kafka.network.Acceptor.newProcessor(SocketServer.scala:881)
	at kafka.network.Acceptor.$anonfun$addProcessors$1(SocketServer.scala:851)
	at scala.collection.immutable.Range.foreach$mVc$sp(Range.scala:190)
	at kafka.network.Acceptor.addProcessors(SocketServer.scala:850)
	at kafka.network.DataPlaneAcceptor.configure(SocketServer.scala:524)
	at kafka.network.SocketServer.createDataPlaneAcceptorAndProcessors(SocketServer.scala:252)
	at kafka.network.SocketServer.$anonfun$new$31(SocketServer.scala:176)
	at kafka.network.SocketServer.$anonfun$new$31$adapted(SocketServer.scala:176)
	at scala.collection.IterableOnceOps.foreach(IterableOnce.scala:619)
	at scala.collection.IterableOnceOps.foreach$(IterableOnce.scala:617)
	at scala.collection.AbstractIterable.foreach(Iterable.scala:935)
	at kafka.network.SocketServer.<init>(SocketServer.scala:176)
	at kafka.server.BrokerServer.startup(BrokerServer.scala:252)
	at kafka.server.KafkaRaftServer.$anonfun$startup$2(KafkaRaftServer.scala:99)
	at kafka.server.KafkaRaftServer.$anonfun$startup$2$adapted(KafkaRaftServer.scala:99)
	at scala.Option.foreach(Option.scala:437)
	at kafka.server.KafkaRaftServer.startup(KafkaRaftServer.scala:99)
	at kafka.Kafka$.main(Kafka.scala:112)
	at kafka.Kafka.main(Kafka.scala)
[2026-05-21 13:09:07,916] INFO [ControllerRegistrationManager id=1 incarnation=fwfd1XsfSm632D749XiNkw] Our registration has been persisted to the metadata log. (kafka.server.ControllerRegistrationManager)
[2026-05-21 13:09:07,919] INFO [ControllerRegistrationManager id=1 incarnation=fwfd1XsfSm632D749XiNkw] RegistrationResponseHandler: controller acknowledged ControllerRegistrationRequest. (kafka.server.ControllerRegistrationManager)
[2026-05-21 13:09:07,920] INFO [ControllerServer id=1] shutting down (kafka.server.ControllerServer)
[2026-05-21 13:09:07,923] INFO [raft-expiration-reaper]: Shutting down (kafka.raft.TimingWheelExpirationService$ExpiredOperationReaper)
[2026-05-21 13:09:07,954] INFO [raft-expiration-reaper]: Stopped (kafka.raft.TimingWheelExpirationService$ExpiredOperationReaper)
[2026-05-21 13:09:07,954] INFO [raft-expiration-reaper]: Shutdown completed (kafka.raft.TimingWheelExpirationService$ExpiredOperationReaper)
[2026-05-21 13:09:07,956] INFO [kafka-1-raft-io-thread]: Shutting down (org.apache.kafka.raft.KafkaRaftClientDriver)
[2026-05-21 13:09:07,957] INFO [RaftManager id=1] Beginning graceful shutdown (org.apache.kafka.raft.KafkaRaftClient)
[2026-05-21 13:09:07,960] INFO [RaftManager id=1] Graceful shutdown completed (org.apache.kafka.raft.KafkaRaftClient)
[2026-05-21 13:09:07,960] INFO [RaftManager id=1] Completed graceful shutdown of RaftClient (org.apache.kafka.raft.KafkaRaftClientDriver)
[2026-05-21 13:09:07,961] INFO [kafka-1-raft-io-thread]: Stopped (org.apache.kafka.raft.KafkaRaftClientDriver)
[2026-05-21 13:09:07,961] INFO [kafka-1-raft-io-thread]: Shutdown completed (org.apache.kafka.raft.KafkaRaftClientDriver)
[2026-05-21 13:09:07,966] INFO [kafka-1-raft-outbound-request-thread]: Shutting down (org.apache.kafka.raft.KafkaNetworkChannel$SendThread)
[2026-05-21 13:09:07,967] INFO [kafka-1-raft-outbound-request-thread]: Stopped (org.apache.kafka.raft.KafkaNetworkChannel$SendThread)
[2026-05-21 13:09:07,967] INFO [kafka-1-raft-outbound-request-thread]: Shutdown completed (org.apache.kafka.raft.KafkaNetworkChannel$SendThread)
[2026-05-21 13:09:07,973] INFO [ProducerStateManager partition=__cluster_metadata-0] Wrote producer snapshot at offset 10 with 0 producer ids in 3 ms. (org.apache.kafka.storage.internals.log.ProducerStateManager)
[2026-05-21 13:09:07,980] INFO [ControllerRegistrationManager id=1 incarnation=fwfd1XsfSm632D749XiNkw] beginShutdown: shutting down event queue. (org.apache.kafka.queue.KafkaEventQueue)
[2026-05-21 13:09:07,981] INFO [ControllerRegistrationManager id=1 incarnation=fwfd1XsfSm632D749XiNkw] shutting down. (kafka.server.ControllerRegistrationManager)
[2026-05-21 13:09:07,982] INFO [controller-1-to-controller-registration-channel-manager]: Shutting down (kafka.server.NodeToControllerRequestThread)
[2026-05-21 13:09:07,983] INFO [controller-1-to-controller-registration-channel-manager]: Stopped (kafka.server.NodeToControllerRequestThread)
[2026-05-21 13:09:07,983] INFO [controller-1-to-controller-registration-channel-manager]: Shutdown completed (kafka.server.NodeToControllerRequestThread)
[2026-05-21 13:09:07,997] INFO Node to controller channel manager for registration shutdown (kafka.server.NodeToControllerChannelManagerImpl)
[2026-05-21 13:09:07,998] INFO [ControllerRegistrationManager id=1 incarnation=fwfd1XsfSm632D749XiNkw] closed event queue. (org.apache.kafka.queue.KafkaEventQueue)
[2026-05-21 13:09:07,999] INFO [controller-1-to-controller-registration-channel-manager]: Shutdown completed (kafka.server.NodeToControllerRequestThread)
[2026-05-21 13:09:08,000] WARN [NodeToControllerChannelManager id=1 name=registration] Attempting to close NetworkClient that has already been closed. (org.apache.kafka.clients.NetworkClient)
[2026-05-21 13:09:08,000] INFO Node to controller channel manager for registration shutdown (kafka.server.NodeToControllerChannelManagerImpl)
[2026-05-21 13:09:08,002] INFO [ControllerRegistrationManager id=1 incarnation=fwfd1XsfSm632D749XiNkw] closed event queue. (org.apache.kafka.queue.KafkaEventQueue)
[2026-05-21 13:09:08,005] INFO [SocketServer listenerType=CONTROLLER, nodeId=1] Stopping socket server request processors (kafka.network.SocketServer)
[2026-05-21 13:09:08,015] INFO [SocketServer listenerType=CONTROLLER, nodeId=1] Stopped socket server request processors (kafka.network.SocketServer)
[2026-05-21 13:09:08,017] INFO [QuorumController id=1] QuorumController#beginShutdown: shutting down event queue. (org.apache.kafka.queue.KafkaEventQueue)
[2026-05-21 13:09:08,019] INFO [SocketServer listenerType=CONTROLLER, nodeId=1] Shutting down socket server (kafka.network.SocketServer)
[2026-05-21 13:09:08,030] INFO [SocketServer listenerType=CONTROLLER, nodeId=1] Shutdown completed (kafka.network.SocketServer)
[2026-05-21 13:09:08,032] INFO [data-plane Kafka Request Handler on Broker 1], shutting down (kafka.server.KafkaRequestHandlerPool)
[2026-05-21 13:09:08,036] INFO [data-plane Kafka Request Handler on Broker 1], shut down completely (kafka.server.KafkaRequestHandlerPool)
[2026-05-21 13:09:08,038] INFO [ExpirationReaper-1-AlterAcls]: Shutting down (kafka.server.DelayedOperationPurgatory$ExpiredOperationReaper)
[2026-05-21 13:09:08,040] INFO [ExpirationReaper-1-AlterAcls]: Stopped (kafka.server.DelayedOperationPurgatory$ExpiredOperationReaper)
[2026-05-21 13:09:08,040] INFO [ExpirationReaper-1-AlterAcls]: Shutdown completed (kafka.server.DelayedOperationPurgatory$ExpiredOperationReaper)
[2026-05-21 13:09:08,042] INFO [controller-1-ThrottledChannelReaper-Fetch]: Shutting down (kafka.server.ClientQuotaManager$ThrottledChannelReaper)
[2026-05-21 13:09:08,043] INFO [controller-1-ThrottledChannelReaper-Fetch]: Stopped (kafka.server.ClientQuotaManager$ThrottledChannelReaper)
[2026-05-21 13:09:08,043] INFO [controller-1-ThrottledChannelReaper-Fetch]: Shutdown completed (kafka.server.ClientQuotaManager$ThrottledChannelReaper)
[2026-05-21 13:09:08,045] INFO [controller-1-ThrottledChannelReaper-Produce]: Shutting down (kafka.server.ClientQuotaManager$ThrottledChannelReaper)
[2026-05-21 13:09:08,046] INFO [controller-1-ThrottledChannelReaper-Produce]: Stopped (kafka.server.ClientQuotaManager$ThrottledChannelReaper)
[2026-05-21 13:09:08,046] INFO [controller-1-ThrottledChannelReaper-Produce]: Shutdown completed (kafka.server.ClientQuotaManager$ThrottledChannelReaper)
[2026-05-21 13:09:08,047] INFO [controller-1-ThrottledChannelReaper-Request]: Shutting down (kafka.server.ClientQuotaManager$ThrottledChannelReaper)
[2026-05-21 13:09:08,048] INFO [controller-1-ThrottledChannelReaper-Request]: Stopped (kafka.server.ClientQuotaManager$ThrottledChannelReaper)
[2026-05-21 13:09:08,048] INFO [controller-1-ThrottledChannelReaper-Request]: Shutdown completed (kafka.server.ClientQuotaManager$ThrottledChannelReaper)
[2026-05-21 13:09:08,049] INFO [controller-1-ThrottledChannelReaper-ControllerMutation]: Shutting down (kafka.server.ClientQuotaManager$ThrottledChannelReaper)
[2026-05-21 13:09:08,051] INFO [controller-1-ThrottledChannelReaper-ControllerMutation]: Stopped (kafka.server.ClientQuotaManager$ThrottledChannelReaper)
[2026-05-21 13:09:08,051] INFO [controller-1-ThrottledChannelReaper-ControllerMutation]: Shutdown completed (kafka.server.ClientQuotaManager$ThrottledChannelReaper)
[2026-05-21 13:09:08,052] INFO [QuorumController id=1] closed event queue. (org.apache.kafka.queue.KafkaEventQueue)
[2026-05-21 13:09:08,055] INFO [SharedServer id=1] Stopping SharedServer (kafka.server.SharedServer)
[2026-05-21 13:09:08,056] INFO [MetadataLoader id=1] beginShutdown: shutting down event queue. (org.apache.kafka.queue.KafkaEventQueue)
[2026-05-21 13:09:08,057] INFO [SnapshotGenerator id=1] close: shutting down event queue. (org.apache.kafka.queue.KafkaEventQueue)
[2026-05-21 13:09:08,058] INFO [SnapshotGenerator id=1] closed event queue. (org.apache.kafka.queue.KafkaEventQueue)
[2026-05-21 13:09:08,059] INFO [MetadataLoader id=1] closed event queue. (org.apache.kafka.queue.KafkaEventQueue)
[2026-05-21 13:09:08,060] INFO [SnapshotGenerator id=1] closed event queue. (org.apache.kafka.queue.KafkaEventQueue)
[2026-05-21 13:09:08,062] INFO Metrics scheduler closed (org.apache.kafka.common.metrics.Metrics)
[2026-05-21 13:09:08,062] INFO Metrics reporters closed (org.apache.kafka.common.metrics.Metrics)
[2026-05-21 13:09:08,063] INFO App info kafka.server for 1 unregistered (org.apache.kafka.common.utils.AppInfoParser)
[2026-05-21 13:09:08,064] INFO App info kafka.server for 1 unregistered (org.apache.kafka.common.utils.AppInfoParser)
[2026-05-21 13:14:28,894] INFO Registered kafka:type=kafka.Log4jController MBean (kafka.utils.Log4jControllerRegistration$)
[2026-05-21 13:14:29,493] INFO Setting -D jdk.tls.rejectClientInitiatedRenegotiation=true to disable client-initiated TLS renegotiation (org.apache.zookeeper.common.X509Util)
[2026-05-21 13:14:29,871] INFO Registered signal handlers for TERM, INT, HUP (org.apache.kafka.common.utils.LoggingSignalHandler)
[2026-05-21 13:14:29,877] INFO [ControllerServer id=1] Starting controller (kafka.server.ControllerServer)
[2026-05-21 13:14:30,732] INFO Updated connection-accept-rate max connection creation rate to 2147483647 (kafka.network.ConnectionQuotas)
[2026-05-21 13:14:30,803] INFO [SocketServer listenerType=CONTROLLER, nodeId=1] Created data-plane acceptor and processors for endpoint : ListenerName(CONTROLLER) (kafka.network.SocketServer)
[2026-05-21 13:14:30,808] INFO CONTROLLER: resolved wildcard host to DESKTOP-7J9FDOQ.localdomain (org.apache.kafka.metadata.ListenerInfo)
[2026-05-21 13:14:30,822] INFO authorizerStart completed for endpoint CONTROLLER. Endpoint is now READY. (org.apache.kafka.server.network.EndpointReadyFutures)
[2026-05-21 13:14:30,825] INFO [SharedServer id=1] Starting SharedServer (kafka.server.SharedServer)
[2026-05-21 13:14:30,964] INFO [LogLoader partition=__cluster_metadata-0, dir=/tmp/kraft-combined-logs] Recovering unflushed segment 0. 0/1 recovered for __cluster_metadata-0. (kafka.log.LogLoader)
[2026-05-21 13:14:30,967] INFO [LogLoader partition=__cluster_metadata-0, dir=/tmp/kraft-combined-logs] Loading producer state till offset 0 with message format version 2 (kafka.log.UnifiedLog$)
[2026-05-21 13:14:30,968] INFO [LogLoader partition=__cluster_metadata-0, dir=/tmp/kraft-combined-logs] Reloading from producer snapshot and rebuilding producer state from offset 0 (kafka.log.UnifiedLog$)
[2026-05-21 13:14:30,969] INFO Deleted producer state snapshot /tmp/kraft-combined-logs/__cluster_metadata-0/00000000000000000008.snapshot (org.apache.kafka.storage.internals.log.SnapshotFile)
[2026-05-21 13:14:30,970] INFO Deleted producer state snapshot /tmp/kraft-combined-logs/__cluster_metadata-0/00000000000000000010.snapshot (org.apache.kafka.storage.internals.log.SnapshotFile)
[2026-05-21 13:14:30,970] INFO [LogLoader partition=__cluster_metadata-0, dir=/tmp/kraft-combined-logs] Producer state recovery took 1ms for snapshot load and 0ms for segment recovery from offset 0 (kafka.log.UnifiedLog$)
[2026-05-21 13:14:31,001] INFO [ProducerStateManager partition=__cluster_metadata-0] Wrote producer snapshot at offset 10 with 0 producer ids in 3 ms. (org.apache.kafka.storage.internals.log.ProducerStateManager)
[2026-05-21 13:14:31,016] INFO [LogLoader partition=__cluster_metadata-0, dir=/tmp/kraft-combined-logs] Loading producer state till offset 10 with message format version 2 (kafka.log.UnifiedLog$)
[2026-05-21 13:14:31,017] INFO [LogLoader partition=__cluster_metadata-0, dir=/tmp/kraft-combined-logs] Reloading from producer snapshot and rebuilding producer state from offset 10 (kafka.log.UnifiedLog$)
[2026-05-21 13:14:31,018] INFO [ProducerStateManager partition=__cluster_metadata-0] Loading producer state from snapshot file 'SnapshotFile(offset=10, file=/tmp/kraft-combined-logs/__cluster_metadata-0/00000000000000000010.snapshot)' (org.apache.kafka.storage.internals.log.ProducerStateManager)
[2026-05-21 13:14:31,021] INFO [LogLoader partition=__cluster_metadata-0, dir=/tmp/kraft-combined-logs] Producer state recovery took 3ms for snapshot load and 0ms for segment recovery from offset 10 (kafka.log.UnifiedLog$)
[2026-05-21 13:14:31,088] INFO Initialized snapshots with IDs SortedSet() from /tmp/kraft-combined-logs/__cluster_metadata-0 (kafka.raft.KafkaMetadataLog$)
[2026-05-21 13:14:31,124] INFO [raft-expiration-reaper]: Starting (kafka.raft.TimingWheelExpirationService$ExpiredOperationReaper)
[2026-05-21 13:14:31,162] INFO [RaftManager id=1] Reading KRaft snapshot and log as part of the initialization (org.apache.kafka.raft.KafkaRaftClient)
[2026-05-21 13:14:31,201] INFO [RaftManager id=1] Starting voters are VoterSet(voters={1=VoterNode(voterKey=ReplicaKey(id=1, directoryId=Optional.empty), listeners=Endpoints(endpoints={ListenerName(CONTROLLER)=localhost/127.0.0.1:9093}), supportedKRaftVersion=SupportedVersionRange[min_version:0, max_version:0])}) (org.apache.kafka.raft.KafkaRaftClient)
[2026-05-21 13:14:31,203] INFO [RaftManager id=1] Starting request manager with static voters: [localhost:9093 (id: 1 rack: null)] (org.apache.kafka.raft.KafkaRaftClient)
[2026-05-21 13:14:31,562] INFO [RaftManager id=1] Attempting durable transition to ResignedState(localId=1, epoch=3, voters=[1], electionTimeoutMs=1581, unackedVoters=[], preferredSuccessors=[]) from null (org.apache.kafka.raft.QuorumState)
[2026-05-21 13:14:31,599] INFO [RaftManager id=1] Completed transition to ResignedState(localId=1, epoch=3, voters=[1], electionTimeoutMs=1581, unackedVoters=[], preferredSuccessors=[]) from null (org.apache.kafka.raft.QuorumState)
[2026-05-21 13:14:31,606] INFO [RaftManager id=1] Attempting durable transition to CandidateState(localId=1, localDirectoryId=Vsyv6xM4_cQruLrWP_G-EA,epoch=4, retries=1, voteStates={1=org.apache.kafka.raft.CandidateState$VoterState@7c75db8b}, highWatermark=Optional.empty, electionTimeoutMs=1948) from ResignedState(localId=1, epoch=3, voters=[1], electionTimeoutMs=1581, unackedVoters=[], preferredSuccessors=[]) (org.apache.kafka.raft.QuorumState)
[2026-05-21 13:14:31,614] INFO [RaftManager id=1] Completed transition to CandidateState(localId=1, localDirectoryId=Vsyv6xM4_cQruLrWP_G-EA,epoch=4, retries=1, voteStates={1=org.apache.kafka.raft.CandidateState$VoterState@7c75db8b}, highWatermark=Optional.empty, electionTimeoutMs=1948) from ResignedState(localId=1, epoch=3, voters=[1], electionTimeoutMs=1581, unackedVoters=[], preferredSuccessors=[]) (org.apache.kafka.raft.QuorumState)
[2026-05-21 13:14:31,621] INFO [RaftManager id=1] Attempting durable transition to Leader(localReplicaKey=ReplicaKey(id=1, directoryId=Optional[Vsyv6xM4_cQruLrWP_G-EA]), epoch=4, epochStartOffset=10, highWatermark=Optional.empty, voterStates={1=ReplicaState(replicaKey=ReplicaKey(id=1, directoryId=Optional.empty), endOffset=Optional.empty, lastFetchTimestamp=-1, lastCaughtUpTimestamp=-1, hasAcknowledgedLeader=true)}) from CandidateState(localId=1, localDirectoryId=Vsyv6xM4_cQruLrWP_G-EA,epoch=4, retries=1, voteStates={1=org.apache.kafka.raft.CandidateState$VoterState@7c75db8b}, highWatermark=Optional.empty, electionTimeoutMs=1948) (org.apache.kafka.raft.QuorumState)
[2026-05-21 13:14:31,627] INFO [RaftManager id=1] Completed transition to Leader(localReplicaKey=ReplicaKey(id=1, directoryId=Optional[Vsyv6xM4_cQruLrWP_G-EA]), epoch=4, epochStartOffset=10, highWatermark=Optional.empty, voterStates={1=ReplicaState(replicaKey=ReplicaKey(id=1, directoryId=Optional.empty), endOffset=Optional.empty, lastFetchTimestamp=-1, lastCaughtUpTimestamp=-1, hasAcknowledgedLeader=true)}) from CandidateState(localId=1, localDirectoryId=Vsyv6xM4_cQruLrWP_G-EA,epoch=4, retries=1, voteStates={1=org.apache.kafka.raft.CandidateState$VoterState@7c75db8b}, highWatermark=Optional.empty, electionTimeoutMs=1948) (org.apache.kafka.raft.QuorumState)
[2026-05-21 13:14:31,657] INFO [kafka-1-raft-outbound-request-thread]: Starting (org.apache.kafka.raft.KafkaNetworkChannel$SendThread)
[2026-05-21 13:14:31,658] INFO [kafka-1-raft-io-thread]: Starting (org.apache.kafka.raft.KafkaRaftClientDriver)
[2026-05-21 13:14:31,706] INFO [RaftManager id=1] High watermark set to LogOffsetMetadata(offset=11, metadata=Optional[(segmentBaseOffset=0,relativePositionInSegment=1001)]) for the first time for epoch 4 based on indexOfHw 0 and voters [ReplicaState(replicaKey=ReplicaKey(id=1, directoryId=Optional.empty), endOffset=Optional[LogOffsetMetadata(offset=11, metadata=Optional[(segmentBaseOffset=0,relativePositionInSegment=1001)])], lastFetchTimestamp=-1, lastCaughtUpTimestamp=-1, hasAcknowledgedLeader=true)] (org.apache.kafka.raft.LeaderState)
[2026-05-21 13:14:31,707] INFO [MetadataLoader id=1] initializeNewPublishers: The loader is still catching up because we have loaded up to offset -1, but the high water mark is 11 (org.apache.kafka.image.loader.MetadataLoader)
[2026-05-21 13:14:31,712] INFO [ControllerServer id=1] Waiting for controller quorum voters future (kafka.server.ControllerServer)
[2026-05-21 13:14:31,714] INFO [ControllerServer id=1] Finished waiting for controller quorum voters future (kafka.server.ControllerServer)
[2026-05-21 13:14:31,725] INFO [RaftManager id=1] Registered the listener org.apache.kafka.image.loader.MetadataLoader@1421221194 (org.apache.kafka.raft.KafkaRaftClient)
[2026-05-21 13:14:31,731] INFO [RaftManager id=1] Setting the next offset of org.apache.kafka.image.loader.MetadataLoader@1421221194 to 0 since there are no snapshots (org.apache.kafka.raft.KafkaRaftClient)
[2026-05-21 13:14:31,740] INFO [MetadataLoader id=1] maybePublishMetadata(LOG_DELTA): The loader is still catching up because we have loaded up to offset 0, but the high water mark is 11 (org.apache.kafka.image.loader.MetadataLoader)
[2026-05-21 13:14:31,761] INFO [MetadataLoader id=1] maybePublishMetadata(LOG_DELTA): The loader finished catching up to the current high water mark of 11 (org.apache.kafka.image.loader.MetadataLoader)
[2026-05-21 13:14:31,776] INFO [MetadataLoader id=1] InitializeNewPublishers: initializing SnapshotGenerator with a snapshot at offset 10 (org.apache.kafka.image.loader.MetadataLoader)
[2026-05-21 13:14:31,822] INFO [RaftManager id=1] Registered the listener org.apache.kafka.controller.QuorumController$QuorumMetaLogListener@274715155 (org.apache.kafka.raft.KafkaRaftClient)
[2026-05-21 13:14:31,822] INFO [RaftManager id=1] Setting the next offset of org.apache.kafka.controller.QuorumController$QuorumMetaLogListener@274715155 to 0 since there are no snapshots (org.apache.kafka.raft.KafkaRaftClient)
[2026-05-21 13:14:31,847] INFO [controller-1-ThrottledChannelReaper-Fetch]: Starting (kafka.server.ClientQuotaManager$ThrottledChannelReaper)
[2026-05-21 13:14:31,849] INFO [controller-1-ThrottledChannelReaper-Produce]: Starting (kafka.server.ClientQuotaManager$ThrottledChannelReaper)
[2026-05-21 13:14:31,852] INFO [controller-1-ThrottledChannelReaper-Request]: Starting (kafka.server.ClientQuotaManager$ThrottledChannelReaper)
[2026-05-21 13:14:31,858] INFO [controller-1-ThrottledChannelReaper-ControllerMutation]: Starting (kafka.server.ClientQuotaManager$ThrottledChannelReaper)
[2026-05-21 13:14:31,904] INFO [ExpirationReaper-1-AlterAcls]: Starting (kafka.server.DelayedOperationPurgatory$ExpiredOperationReaper)
[2026-05-21 13:14:31,935] INFO [ControllerServer id=1] Waiting for the controller metadata publishers to be installed (kafka.server.ControllerServer)
[2026-05-21 13:14:31,936] INFO [MetadataLoader id=1] InitializeNewPublishers: initializing KRaftMetadataCachePublisher with a snapshot at offset 10 (org.apache.kafka.image.loader.MetadataLoader)
[2026-05-21 13:14:31,936] INFO [ControllerServer id=1] Finished waiting for the controller metadata publishers to be installed (kafka.server.ControllerServer)
[2026-05-21 13:14:31,936] INFO [MetadataLoader id=1] InitializeNewPublishers: initializing FeaturesPublisher with a snapshot at offset 10 (org.apache.kafka.image.loader.MetadataLoader)
[2026-05-21 13:14:31,937] INFO [ControllerServer id=1] Loaded new metadata Features(metadataVersion=3.9-IV0, finalizedFeatures={metadata.version=21}, finalizedFeaturesEpoch=10). (org.apache.kafka.metadata.publisher.FeaturesPublisher)
[2026-05-21 13:14:31,937] INFO [SocketServer listenerType=CONTROLLER, nodeId=1] Enabling request processing. (kafka.network.SocketServer)
[2026-05-21 13:14:31,937] INFO [MetadataLoader id=1] InitializeNewPublishers: initializing ControllerRegistrationsPublisher with a snapshot at offset 10 (org.apache.kafka.image.loader.MetadataLoader)
[2026-05-21 13:14:31,938] INFO [MetadataLoader id=1] InitializeNewPublishers: initializing ControllerRegistrationManager with a snapshot at offset 10 (org.apache.kafka.image.loader.MetadataLoader)
[2026-05-21 13:14:31,939] INFO [MetadataLoader id=1] InitializeNewPublishers: initializing DynamicConfigPublisher controller id=1 with a snapshot at offset 10 (org.apache.kafka.image.loader.MetadataLoader)
[2026-05-21 13:14:31,941] INFO [ControllerRegistrationManager id=1 incarnation=bXWojFTCTJeqQCesJgvOoA] Found registration for fwfd1XsfSm632D749XiNkw instead of our incarnation. (kafka.server.ControllerRegistrationManager)
[2026-05-21 13:14:31,942] INFO [MetadataLoader id=1] InitializeNewPublishers: initializing DynamicClientQuotaPublisher controller id=1 with a snapshot at offset 10 (org.apache.kafka.image.loader.MetadataLoader)
[2026-05-21 13:14:31,945] INFO Awaiting socket connections on 0.0.0.0:9093. (kafka.network.DataPlaneAcceptor)
[2026-05-21 13:14:31,946] INFO [MetadataLoader id=1] InitializeNewPublishers: initializing ScramPublisher controller id=1 with a snapshot at offset 10 (org.apache.kafka.image.loader.MetadataLoader)
[2026-05-21 13:14:31,948] INFO [MetadataLoader id=1] InitializeNewPublishers: initializing DelegationTokenPublisher controller id=1 with a snapshot at offset 10 (org.apache.kafka.image.loader.MetadataLoader)
[2026-05-21 13:14:31,951] INFO [MetadataLoader id=1] InitializeNewPublishers: initializing ControllerMetadataMetricsPublisher with a snapshot at offset 10 (org.apache.kafka.image.loader.MetadataLoader)
[2026-05-21 13:14:31,952] INFO [MetadataLoader id=1] InitializeNewPublishers: initializing AclPublisher controller id=1 with a snapshot at offset 10 (org.apache.kafka.image.loader.MetadataLoader)
[2026-05-21 13:14:31,965] INFO [controller-1-to-controller-registration-channel-manager]: Starting (kafka.server.NodeToControllerRequestThread)
[2026-05-21 13:14:31,965] INFO [ControllerServer id=1] Waiting for all of the authorizer futures to be completed (kafka.server.ControllerServer)
[2026-05-21 13:14:31,966] INFO [ControllerRegistrationManager id=1 incarnation=bXWojFTCTJeqQCesJgvOoA] initialized channel manager. (kafka.server.ControllerRegistrationManager)
[2026-05-21 13:14:31,966] INFO [ControllerServer id=1] Finished waiting for all of the authorizer futures to be completed (kafka.server.ControllerServer)
[2026-05-21 13:14:31,967] INFO [ControllerServer id=1] Waiting for all of the SocketServer Acceptors to be started (kafka.server.ControllerServer)
[2026-05-21 13:14:31,967] INFO [controller-1-to-controller-registration-channel-manager]: Recorded new KRaft controller, from now on will use node localhost:9093 (id: 1 rack: null) (kafka.server.NodeToControllerRequestThread)
[2026-05-21 13:14:31,968] INFO [ControllerServer id=1] Finished waiting for all of the SocketServer Acceptors to be started (kafka.server.ControllerServer)
[2026-05-21 13:14:31,970] INFO [BrokerServer id=1] Transition from SHUTDOWN to STARTING (kafka.server.BrokerServer)
[2026-05-21 13:14:31,971] INFO [ControllerRegistrationManager id=1 incarnation=bXWojFTCTJeqQCesJgvOoA] sendControllerRegistration: attempting to send ControllerRegistrationRequestData(controllerId=1, incarnationId=bXWojFTCTJeqQCesJgvOoA, zkMigrationReady=false, listeners=[Listener(name='CONTROLLER', host='DESKTOP-7J9FDOQ.localdomain', port=9093, securityProtocol=0)], features=[Feature(name='kraft.version', minSupportedVersion=0, maxSupportedVersion=1), Feature(name='metadata.version', minSupportedVersion=1, maxSupportedVersion=21)]) (kafka.server.ControllerRegistrationManager)
[2026-05-21 13:14:31,971] INFO [BrokerServer id=1] Starting broker (kafka.server.BrokerServer)
[2026-05-21 13:14:31,982] INFO [broker-1-ThrottledChannelReaper-Fetch]: Starting (kafka.server.ClientQuotaManager$ThrottledChannelReaper)
[2026-05-21 13:14:31,983] INFO [broker-1-ThrottledChannelReaper-Produce]: Starting (kafka.server.ClientQuotaManager$ThrottledChannelReaper)
[2026-05-21 13:14:31,984] INFO [broker-1-ThrottledChannelReaper-Request]: Starting (kafka.server.ClientQuotaManager$ThrottledChannelReaper)
[2026-05-21 13:14:31,985] INFO [broker-1-ThrottledChannelReaper-ControllerMutation]: Starting (kafka.server.ClientQuotaManager$ThrottledChannelReaper)
[2026-05-21 13:14:32,043] INFO [BrokerServer id=1] Waiting for controller quorum voters future (kafka.server.BrokerServer)
[2026-05-21 13:14:32,044] INFO [BrokerServer id=1] Finished waiting for controller quorum voters future (kafka.server.BrokerServer)
[2026-05-21 13:14:32,048] INFO [broker-1-to-controller-forwarding-channel-manager]: Starting (kafka.server.NodeToControllerRequestThread)
[2026-05-21 13:14:32,050] INFO [broker-1-to-controller-forwarding-channel-manager]: Recorded new KRaft controller, from now on will use node localhost:9093 (id: 1 rack: null) (kafka.server.NodeToControllerRequestThread)
[2026-05-21 13:14:32,115] INFO [client-metrics-reaper]: Starting (org.apache.kafka.server.util.timer.SystemTimerReaper$Reaper)
[2026-05-21 13:14:32,163] INFO Updated connection-accept-rate max connection creation rate to 2147483647 (kafka.network.ConnectionQuotas)
[2026-05-21 13:14:32,171] INFO [SocketServer listenerType=BROKER, nodeId=1] Created data-plane acceptor and processors for endpoint : ListenerName(PLAINTEXT) (kafka.network.SocketServer)
[2026-05-21 13:14:32,183] INFO [broker-1-to-controller-alter-partition-channel-manager]: Starting (kafka.server.NodeToControllerRequestThread)
[2026-05-21 13:14:32,185] INFO [broker-1-to-controller-alter-partition-channel-manager]: Recorded new KRaft controller, from now on will use node localhost:9093 (id: 1 rack: null) (kafka.server.NodeToControllerRequestThread)
[2026-05-21 13:14:32,202] INFO [broker-1-to-controller-directory-assignments-channel-manager]: Starting (kafka.server.NodeToControllerRequestThread)
[2026-05-21 13:14:32,203] INFO [broker-1-to-controller-directory-assignments-channel-manager]: Recorded new KRaft controller, from now on will use node localhost:9093 (id: 1 rack: null) (kafka.server.NodeToControllerRequestThread)
[2026-05-21 13:14:32,242] INFO [ExpirationReaper-1-Produce]: Starting (kafka.server.DelayedOperationPurgatory$ExpiredOperationReaper)
[2026-05-21 13:14:32,246] INFO [ExpirationReaper-1-DeleteRecords]: Starting (kafka.server.DelayedOperationPurgatory$ExpiredOperationReaper)
[2026-05-21 13:14:32,244] INFO [ExpirationReaper-1-Fetch]: Starting (kafka.server.DelayedOperationPurgatory$ExpiredOperationReaper)
[2026-05-21 13:14:32,247] INFO [ExpirationReaper-1-ElectLeader]: Starting (kafka.server.DelayedOperationPurgatory$ExpiredOperationReaper)
[2026-05-21 13:14:32,249] INFO [ExpirationReaper-1-RemoteFetch]: Starting (kafka.server.DelayedOperationPurgatory$ExpiredOperationReaper)
[2026-05-21 13:14:32,284] INFO [ControllerRegistrationManager id=1 incarnation=bXWojFTCTJeqQCesJgvOoA] Our registration has been persisted to the metadata log. (kafka.server.ControllerRegistrationManager)
[2026-05-21 13:14:32,287] INFO [ControllerRegistrationManager id=1 incarnation=bXWojFTCTJeqQCesJgvOoA] RegistrationResponseHandler: controller acknowledged ControllerRegistrationRequest. (kafka.server.ControllerRegistrationManager)
[2026-05-21 13:14:32,290] INFO [ExpirationReaper-1-Heartbeat]: Starting (kafka.server.DelayedOperationPurgatory$ExpiredOperationReaper)
[2026-05-21 13:14:32,291] INFO [ExpirationReaper-1-Rebalance]: Starting (kafka.server.DelayedOperationPurgatory$ExpiredOperationReaper)
[2026-05-21 13:14:32,354] INFO Unable to read the broker epoch in /tmp/kraft-combined-logs. (kafka.log.LogManager)
[2026-05-21 13:14:32,358] INFO [broker-1-to-controller-heartbeat-channel-manager]: Starting (kafka.server.NodeToControllerRequestThread)
[2026-05-21 13:14:32,361] INFO [broker-1-to-controller-heartbeat-channel-manager]: Recorded new KRaft controller, from now on will use node localhost:9093 (id: 1 rack: null) (kafka.server.NodeToControllerRequestThread)
[2026-05-21 13:14:32,368] INFO [BrokerLifecycleManager id=1] Incarnation I-1hrQ_rRk6y-M-OkVGyzQ of broker 1 in cluster rBjDwUN0RpGoJXuLlf9Kdg is now STARTING. (kafka.server.BrokerLifecycleManager)
[2026-05-21 13:14:32,424] INFO [ExpirationReaper-1-AlterAcls]: Starting (kafka.server.DelayedOperationPurgatory$ExpiredOperationReaper)
[2026-05-21 13:14:32,427] INFO [BrokerLifecycleManager id=1] Successfully registered broker 1 with broker epoch 13 (kafka.server.BrokerLifecycleManager)
[2026-05-21 13:14:32,449] INFO [BrokerLifecycleManager id=1] The broker has caught up. Transitioning from STARTING to RECOVERY. (kafka.server.BrokerLifecycleManager)
[2026-05-21 13:14:32,463] INFO [BrokerLifecycleManager id=1] The broker is in RECOVERY. (kafka.server.BrokerLifecycleManager)
[2026-05-21 13:14:32,473] INFO [BrokerServer id=1] Waiting for the broker metadata publishers to be installed (kafka.server.BrokerServer)
[2026-05-21 13:14:32,473] INFO [MetadataLoader id=1] InitializeNewPublishers: initializing MetadataVersionPublisher(id=1) with a snapshot at offset 13 (org.apache.kafka.image.loader.MetadataLoader)
[2026-05-21 13:14:32,474] INFO [BrokerServer id=1] Finished waiting for the broker metadata publishers to be installed (kafka.server.BrokerServer)
[2026-05-21 13:14:32,474] INFO [MetadataLoader id=1] InitializeNewPublishers: initializing BrokerMetadataPublisher with a snapshot at offset 13 (org.apache.kafka.image.loader.MetadataLoader)
[2026-05-21 13:14:32,475] INFO [BrokerServer id=1] Waiting for the controller to acknowledge that we are caught up (kafka.server.BrokerServer)
[2026-05-21 13:14:32,476] INFO [BrokerServer id=1] Finished waiting for the controller to acknowledge that we are caught up (kafka.server.BrokerServer)
[2026-05-21 13:14:32,476] INFO [BrokerMetadataPublisher id=1] Publishing initial metadata at offset OffsetAndEpoch(offset=13, epoch=4) with metadata.version 3.9-IV0. (kafka.server.metadata.BrokerMetadataPublisher)
[2026-05-21 13:14:32,477] INFO [BrokerServer id=1] Waiting for the initial broker metadata update to be published (kafka.server.BrokerServer)
[2026-05-21 13:14:32,479] INFO Loading logs from log dirs ArrayBuffer(/tmp/kraft-combined-logs) (kafka.log.LogManager)
[2026-05-21 13:14:32,485] INFO No logs found to be loaded in /tmp/kraft-combined-logs (kafka.log.LogManager)
[2026-05-21 13:14:32,492] INFO Loaded 0 logs in 12ms (kafka.log.LogManager)
[2026-05-21 13:14:32,493] INFO Starting log cleanup with a period of 300000 ms. (kafka.log.LogManager)
[2026-05-21 13:14:32,496] INFO Starting log flusher with a default period of 9223372036854775807 ms. (kafka.log.LogManager)
[2026-05-21 13:14:32,720] INFO [kafka-log-cleaner-thread-0]: Starting (kafka.log.LogCleaner$CleanerThread)
[2026-05-21 13:14:32,726] INFO [LogDirFailureHandler]: Starting (kafka.server.ReplicaManager$LogDirFailureHandler)
[2026-05-21 13:14:32,727] INFO [AddPartitionsToTxnSenderThread-1]: Starting (kafka.server.AddPartitionsToTxnManager)
[2026-05-21 13:14:32,729] INFO [GroupCoordinator 1]: Starting up. (kafka.coordinator.group.GroupCoordinator)
[2026-05-21 13:14:32,736] INFO [GroupCoordinator 1]: Startup complete. (kafka.coordinator.group.GroupCoordinator)
[2026-05-21 13:14:32,738] INFO [TransactionCoordinator id=1] Starting up. (kafka.coordinator.transaction.TransactionCoordinator)
[2026-05-21 13:14:32,743] INFO [TxnMarkerSenderThread-1]: Starting (kafka.coordinator.transaction.TransactionMarkerChannelManager)
[2026-05-21 13:14:32,743] INFO [TransactionCoordinator id=1] Startup complete. (kafka.coordinator.transaction.TransactionCoordinator)
[2026-05-21 13:14:32,756] INFO [BrokerServer id=1] Finished waiting for the initial broker metadata update to be published (kafka.server.BrokerServer)
[2026-05-21 13:14:32,756] INFO [MetadataLoader id=1] InitializeNewPublishers: initializing BrokerRegistrationTracker(id=1) with a snapshot at offset 13 (org.apache.kafka.image.loader.MetadataLoader)
[2026-05-21 13:14:32,758] INFO KafkaConfig values: 
	advertised.listeners = PLAINTEXT://localhost:9092
	alter.config.policy.class.name = null
	alter.config.policy.kraft.compatibility.enable = false
	alter.log.dirs.replication.quota.window.num = 11
	alter.log.dirs.replication.quota.window.size.seconds = 1
	authorizer.class.name = 
	auto.create.topics.enable = true
	auto.include.jmx.reporter = true
	auto.leader.rebalance.enable = true
	background.threads = 10
	broker.heartbeat.interval.ms = 2000
	broker.id = 1
	broker.id.generation.enable = true
	broker.rack = null
	broker.session.timeout.ms = 9000
	client.quota.callback.class = null
	compression.gzip.level = -1
	compression.lz4.level = 9
	compression.type = producer
	compression.zstd.level = 3
	connection.failed.authentication.delay.ms = 100
	connections.max.idle.ms = 600000
	connections.max.reauth.ms = 0
	control.plane.listener.name = null
	controlled.shutdown.enable = true
	controlled.shutdown.max.retries = 3
	controlled.shutdown.retry.backoff.ms = 5000
	controller.listener.names = CONTROLLER
	controller.quorum.append.linger.ms = 25
	controller.quorum.bootstrap.servers = []
	controller.quorum.election.backoff.max.ms = 1000
	controller.quorum.election.timeout.ms = 1000
	controller.quorum.fetch.timeout.ms = 2000
	controller.quorum.request.timeout.ms = 2000
	controller.quorum.retry.backoff.ms = 20
	controller.quorum.voters = [1@localhost:9093]
	controller.quota.window.num = 11
	controller.quota.window.size.seconds = 1
	controller.socket.timeout.ms = 30000
	create.topic.policy.class.name = null
	default.replication.factor = 1
	delegation.token.expiry.check.interval.ms = 3600000
	delegation.token.expiry.time.ms = 86400000
	delegation.token.master.key = null
	delegation.token.max.lifetime.ms = 604800000
	delegation.token.secret.key = null
	delete.records.purgatory.purge.interval.requests = 1
	delete.topic.enable = true
	early.start.listeners = null
	eligible.leader.replicas.enable = false
	fetch.max.bytes = 57671680
	fetch.purgatory.purge.interval.requests = 1000
	group.consumer.assignors = [org.apache.kafka.coordinator.group.assignor.UniformAssignor, org.apache.kafka.coordinator.group.assignor.RangeAssignor]
	group.consumer.heartbeat.interval.ms = 5000
	group.consumer.max.heartbeat.interval.ms = 15000
	group.consumer.max.session.timeout.ms = 60000
	group.consumer.max.size = 2147483647
	group.consumer.migration.policy = disabled
	group.consumer.min.heartbeat.interval.ms = 5000
	group.consumer.min.session.timeout.ms = 45000
	group.consumer.session.timeout.ms = 45000
	group.coordinator.append.linger.ms = 10
	group.coordinator.new.enable = false
	group.coordinator.rebalance.protocols = [classic]
	group.coordinator.threads = 1
	group.initial.rebalance.delay.ms = 3000
	group.max.session.timeout.ms = 1800000
	group.max.size = 2147483647
	group.min.session.timeout.ms = 6000
	group.share.delivery.count.limit = 5
	group.share.enable = false
	group.share.heartbeat.interval.ms = 5000
	group.share.max.groups = 10
	group.share.max.heartbeat.interval.ms = 15000
	group.share.max.record.lock.duration.ms = 60000
	group.share.max.session.timeout.ms = 60000
	group.share.max.size = 200
	group.share.min.heartbeat.interval.ms = 5000
	group.share.min.record.lock.duration.ms = 15000
	group.share.min.session.timeout.ms = 45000
	group.share.partition.max.record.locks = 200
	group.share.record.lock.duration.ms = 30000
	group.share.session.timeout.ms = 45000
	initial.broker.registration.timeout.ms = 60000
	inter.broker.listener.name = PLAINTEXT
	inter.broker.protocol.version = 3.9-IV0
	kafka.metrics.polling.interval.secs = 10
	kafka.metrics.reporters = []
	leader.imbalance.check.interval.seconds = 300
	leader.imbalance.per.broker.percentage = 10
	listener.security.protocol.map = CONTROLLER:PLAINTEXT,PLAINTEXT:PLAINTEXT
	listeners = PLAINTEXT://:9092,CONTROLLER://:9093
	log.cleaner.backoff.ms = 15000
	log.cleaner.dedupe.buffer.size = 134217728
	log.cleaner.delete.retention.ms = 86400000
	log.cleaner.enable = true
	log.cleaner.io.buffer.load.factor = 0.9
	log.cleaner.io.buffer.size = 524288
	log.cleaner.io.max.bytes.per.second = 1.7976931348623157E308
	log.cleaner.max.compaction.lag.ms = 9223372036854775807
	log.cleaner.min.cleanable.ratio = 0.5
	log.cleaner.min.compaction.lag.ms = 0
	log.cleaner.threads = 1
	log.cleanup.policy = [delete]
	log.dir = /tmp/kafka-logs
	log.dir.failure.timeout.ms = 30000
	log.dirs = /tmp/kraft-combined-logs
	log.flush.interval.messages = 9223372036854775807
	log.flush.interval.ms = null
	log.flush.offset.checkpoint.interval.ms = 60000
	log.flush.scheduler.interval.ms = 9223372036854775807
	log.flush.start.offset.checkpoint.interval.ms = 60000
	log.index.interval.bytes = 4096
	log.index.size.max.bytes = 10485760
	log.initial.task.delay.ms = 30000
	log.local.retention.bytes = -2
	log.local.retention.ms = -2
	log.message.downconversion.enable = true
	log.message.format.version = 3.0-IV1
	log.message.timestamp.after.max.ms = 9223372036854775807
	log.message.timestamp.before.max.ms = 9223372036854775807
	log.message.timestamp.difference.max.ms = 9223372036854775807
	log.message.timestamp.type = CreateTime
	log.preallocate = false
	log.retention.bytes = -1
	log.retention.check.interval.ms = 300000
	log.retention.hours = 168
	log.retention.minutes = null
	log.retention.ms = null
	log.roll.hours = 168
	log.roll.jitter.hours = 0
	log.roll.jitter.ms = null
	log.roll.ms = null
	log.segment.bytes = 1073741824
	log.segment.delete.delay.ms = 60000
	max.connection.creation.rate = 2147483647
	max.connections = 2147483647
	max.connections.per.ip = 2147483647
	max.connections.per.ip.overrides = 
	max.incremental.fetch.session.cache.slots = 1000
	max.request.partition.size.limit = 2000
	message.max.bytes = 1048588
	metadata.log.dir = null
	metadata.log.max.record.bytes.between.snapshots = 20971520
	metadata.log.max.snapshot.interval.ms = 3600000
	metadata.log.segment.bytes = 1073741824
	metadata.log.segment.min.bytes = 8388608
	metadata.log.segment.ms = 604800000
	metadata.max.idle.interval.ms = 500
	metadata.max.retention.bytes = 104857600
	metadata.max.retention.ms = 604800000
	metric.reporters = []
	metrics.num.samples = 2
	metrics.recording.level = INFO
	metrics.sample.window.ms = 30000
	min.insync.replicas = 1
	node.id = 1
	num.io.threads = 8
	num.network.threads = 3
	num.partitions = 1
	num.recovery.threads.per.data.dir = 1
	num.replica.alter.log.dirs.threads = null
	num.replica.fetchers = 1
	offset.metadata.max.bytes = 4096
	offsets.commit.required.acks = -1
	offsets.commit.timeout.ms = 5000
	offsets.load.buffer.size = 5242880
	offsets.retention.check.interval.ms = 600000
	offsets.retention.minutes = 10080
	offsets.topic.compression.codec = 0
	offsets.topic.num.partitions = 50
	offsets.topic.replication.factor = 1
	offsets.topic.segment.bytes = 104857600
	password.encoder.cipher.algorithm = AES/CBC/PKCS5Padding
	password.encoder.iterations = 4096
	password.encoder.key.length = 128
	password.encoder.keyfactory.algorithm = null
	password.encoder.old.secret = null
	password.encoder.secret = null
	principal.builder.class = class org.apache.kafka.common.security.authenticator.DefaultKafkaPrincipalBuilder
	process.roles = [broker, controller]
	producer.id.expiration.check.interval.ms = 600000
	producer.id.expiration.ms = 86400000
	producer.purgatory.purge.interval.requests = 1000
	queued.max.request.bytes = -1
	queued.max.requests = 500
	quota.window.num = 11
	quota.window.size.seconds = 1
	remote.fetch.max.wait.ms = 500
	remote.log.index.file.cache.total.size.bytes = 1073741824
	remote.log.manager.copier.thread.pool.size = -1
	remote.log.manager.copy.max.bytes.per.second = 9223372036854775807
	remote.log.manager.copy.quota.window.num = 11
	remote.log.manager.copy.quota.window.size.seconds = 1
	remote.log.manager.expiration.thread.pool.size = -1
	remote.log.manager.fetch.max.bytes.per.second = 9223372036854775807
	remote.log.manager.fetch.quota.window.num = 11
	remote.log.manager.fetch.quota.window.size.seconds = 1
	remote.log.manager.task.interval.ms = 30000
	remote.log.manager.task.retry.backoff.max.ms = 30000
	remote.log.manager.task.retry.backoff.ms = 500
	remote.log.manager.task.retry.jitter = 0.2
	remote.log.manager.thread.pool.size = 10
	remote.log.metadata.custom.metadata.max.bytes = 128
	remote.log.metadata.manager.class.name = org.apache.kafka.server.log.remote.metadata.storage.TopicBasedRemoteLogMetadataManager
	remote.log.metadata.manager.class.path = null
	remote.log.metadata.manager.impl.prefix = rlmm.config.
	remote.log.metadata.manager.listener.name = null
	remote.log.reader.max.pending.tasks = 100
	remote.log.reader.threads = 10
	remote.log.storage.manager.class.name = null
	remote.log.storage.manager.class.path = null
	remote.log.storage.manager.impl.prefix = rsm.config.
	remote.log.storage.system.enable = false
	replica.fetch.backoff.ms = 1000
	replica.fetch.max.bytes = 1048576
	replica.fetch.min.bytes = 1
	replica.fetch.response.max.bytes = 10485760
	replica.fetch.wait.max.ms = 500
	replica.high.watermark.checkpoint.interval.ms = 5000
	replica.lag.time.max.ms = 30000
	replica.selector.class = null
	replica.socket.receive.buffer.bytes = 65536
	replica.socket.timeout.ms = 30000
	replication.quota.window.num = 11
	replication.quota.window.size.seconds = 1
	request.timeout.ms = 30000
	reserved.broker.max.id = 1000
	sasl.client.callback.handler.class = null
	sasl.enabled.mechanisms = [GSSAPI]
	sasl.jaas.config = null
	sasl.kerberos.kinit.cmd = /usr/bin/kinit
	sasl.kerberos.min.time.before.relogin = 60000
	sasl.kerberos.principal.to.local.rules = [DEFAULT]
	sasl.kerberos.service.name = null
	sasl.kerberos.ticket.renew.jitter = 0.05
	sasl.kerberos.ticket.renew.window.factor = 0.8
	sasl.login.callback.handler.class = null
	sasl.login.class = null
	sasl.login.connect.timeout.ms = null
	sasl.login.read.timeout.ms = null
	sasl.login.refresh.buffer.seconds = 300
	sasl.login.refresh.min.period.seconds = 60
	sasl.login.refresh.window.factor = 0.8
	sasl.login.refresh.window.jitter = 0.05
	sasl.login.retry.backoff.max.ms = 10000
	sasl.login.retry.backoff.ms = 100
	sasl.mechanism.controller.protocol = GSSAPI
	sasl.mechanism.inter.broker.protocol = GSSAPI
	sasl.oauthbearer.clock.skew.seconds = 30
	sasl.oauthbearer.expected.audience = null
	sasl.oauthbearer.expected.issuer = null
	sasl.oauthbearer.jwks.endpoint.refresh.ms = 3600000
	sasl.oauthbearer.jwks.endpoint.retry.backoff.max.ms = 10000
	sasl.oauthbearer.jwks.endpoint.retry.backoff.ms = 100
	sasl.oauthbearer.jwks.endpoint.url = null
	sasl.oauthbearer.scope.claim.name = scope
	sasl.oauthbearer.sub.claim.name = sub
	sasl.oauthbearer.token.endpoint.url = null
	sasl.server.callback.handler.class = null
	sasl.server.max.receive.size = 524288
	security.inter.broker.protocol = PLAINTEXT
	security.providers = null
	server.max.startup.time.ms = 9223372036854775807
	socket.connection.setup.timeout.max.ms = 30000
	socket.connection.setup.timeout.ms = 10000
	socket.listen.backlog.size = 50
	socket.receive.buffer.bytes = 102400
	socket.request.max.bytes = 104857600
	socket.send.buffer.bytes = 102400
	ssl.allow.dn.changes = false
	ssl.allow.san.changes = false
	ssl.cipher.suites = []
	ssl.client.auth = none
	ssl.enabled.protocols = [TLSv1.2, TLSv1.3]
	ssl.endpoint.identification.algorithm = https
	ssl.engine.factory.class = null
	ssl.key.password = null
	ssl.keymanager.algorithm = SunX509
	ssl.keystore.certificate.chain = null
	ssl.keystore.key = null
	ssl.keystore.location = null
	ssl.keystore.password = null
	ssl.keystore.type = JKS
	ssl.principal.mapping.rules = DEFAULT
	ssl.protocol = TLSv1.3
	ssl.provider = null
	ssl.secure.random.implementation = null
	ssl.trustmanager.algorithm = PKIX
	ssl.truststore.certificates = null
	ssl.truststore.location = null
	ssl.truststore.password = null
	ssl.truststore.type = JKS
	telemetry.max.bytes = 1048576
	transaction.abort.timed.out.transaction.cleanup.interval.ms = 10000
	transaction.max.timeout.ms = 900000
	transaction.partition.verification.enable = true
	transaction.remove.expired.transaction.cleanup.interval.ms = 3600000
	transaction.state.log.load.buffer.size = 5242880
	transaction.state.log.min.isr = 1
	transaction.state.log.num.partitions = 50
	transaction.state.log.replication.factor = 1
	transaction.state.log.segment.bytes = 104857600
	transactional.id.expiration.ms = 604800000
	unclean.leader.election.enable = false
	unclean.leader.election.interval.ms = 300000
	unstable.api.versions.enable = false
	unstable.feature.versions.enable = false
	zookeeper.clientCnxnSocket = null
	zookeeper.connect = null
	zookeeper.connection.timeout.ms = null
	zookeeper.max.in.flight.requests = 10
	zookeeper.metadata.migration.enable = false
	zookeeper.metadata.migration.min.batch.size = 200
	zookeeper.session.timeout.ms = 18000
	zookeeper.set.acl = false
	zookeeper.ssl.cipher.suites = null
	zookeeper.ssl.client.enable = false
	zookeeper.ssl.crl.enable = false
	zookeeper.ssl.enabled.protocols = null
	zookeeper.ssl.endpoint.identification.algorithm = HTTPS
	zookeeper.ssl.keystore.location = null
	zookeeper.ssl.keystore.password = null
	zookeeper.ssl.keystore.type = null
	zookeeper.ssl.ocsp.enable = false
	zookeeper.ssl.protocol = TLSv1.2
	zookeeper.ssl.truststore.location = null
	zookeeper.ssl.truststore.password = null
	zookeeper.ssl.truststore.type = null
 (kafka.server.KafkaConfig)
[2026-05-21 13:14:32,772] INFO [BrokerServer id=1] Waiting for the broker to be unfenced (kafka.server.BrokerServer)
[2026-05-21 13:14:32,812] INFO [BrokerLifecycleManager id=1] The broker has been unfenced. Transitioning from RECOVERY to RUNNING. (kafka.server.BrokerLifecycleManager)
[2026-05-21 13:14:32,814] INFO [BrokerServer id=1] Finished waiting for the broker to be unfenced (kafka.server.BrokerServer)
[2026-05-21 13:14:32,815] INFO authorizerStart completed for endpoint PLAINTEXT. Endpoint is now READY. (org.apache.kafka.server.network.EndpointReadyFutures)
[2026-05-21 13:14:32,816] INFO [SocketServer listenerType=BROKER, nodeId=1] Enabling request processing. (kafka.network.SocketServer)
[2026-05-21 13:14:32,817] INFO Awaiting socket connections on 0.0.0.0:9092. (kafka.network.DataPlaneAcceptor)
[2026-05-21 13:14:32,819] INFO [BrokerServer id=1] Waiting for all of the authorizer futures to be completed (kafka.server.BrokerServer)
[2026-05-21 13:14:32,820] INFO [BrokerServer id=1] Finished waiting for all of the authorizer futures to be completed (kafka.server.BrokerServer)
[2026-05-21 13:14:32,820] INFO [BrokerServer id=1] Waiting for all of the SocketServer Acceptors to be started (kafka.server.BrokerServer)
[2026-05-21 13:14:32,820] INFO [BrokerServer id=1] Finished waiting for all of the SocketServer Acceptors to be started (kafka.server.BrokerServer)
[2026-05-21 13:14:32,821] INFO [BrokerServer id=1] Transition from STARTING to STARTED (kafka.server.BrokerServer)
[2026-05-21 13:14:32,823] INFO Kafka version: 3.9.2 (org.apache.kafka.common.utils.AppInfoParser)
[2026-05-21 13:14:32,823] INFO Kafka commitId: 5e9866f43ab8e7e4 (org.apache.kafka.common.utils.AppInfoParser)
[2026-05-21 13:14:32,823] INFO Kafka startTimeMs: 1779349472821 (org.apache.kafka.common.utils.AppInfoParser)
[2026-05-21 13:14:32,825] INFO [KafkaRaftServer nodeId=1] Kafka Server started (kafka.server.KafkaRaftServer)
[2026-05-21 13:14:33,889] INFO [ReplicaFetcherManager on broker 1] Removed fetcher for partitions Set(b1-0) (kafka.server.ReplicaFetcherManager)
[2026-05-21 13:14:33,926] INFO [LogLoader partition=b1-0, dir=/tmp/kraft-combined-logs] Loading producer state till offset 0 with message format version 2 (kafka.log.UnifiedLog$)
[2026-05-21 13:14:33,931] INFO Created log for partition b1-0 in /tmp/kraft-combined-logs/b1-0 with properties {} (kafka.log.LogManager)
[2026-05-21 13:14:33,933] INFO [Partition b1-0 broker=1] No checkpointed highwatermark is found for partition b1-0 (kafka.cluster.Partition)
[2026-05-21 13:14:33,935] INFO [Partition b1-0 broker=1] Log loaded for partition b1-0 with initial high watermark 0 (kafka.cluster.Partition)
[2026-05-21 13:24:32,491] INFO [NodeToControllerChannelManager id=1 name=registration] Node 1 disconnected. (org.apache.kafka.clients.NetworkClient)
[2026-05-21 13:24:34,156] INFO [NodeToControllerChannelManager id=1 name=forwarding] Node 1 disconnected. (org.apache.kafka.clients.NetworkClient)
[2026-05-21 13:33:35,262] INFO [ReplicaFetcherManager on broker 1] Removed fetcher for partitions Set(bank-events-0) (kafka.server.ReplicaFetcherManager)
[2026-05-21 13:33:35,275] INFO [LogLoader partition=bank-events-0, dir=/tmp/kraft-combined-logs] Loading producer state till offset 0 with message format version 2 (kafka.log.UnifiedLog$)
[2026-05-21 13:33:35,276] INFO Created log for partition bank-events-0 in /tmp/kraft-combined-logs/bank-events-0 with properties {} (kafka.log.LogManager)
[2026-05-21 13:33:35,278] INFO [Partition bank-events-0 broker=1] No checkpointed highwatermark is found for partition bank-events-0 (kafka.cluster.Partition)
[2026-05-21 13:33:35,280] INFO [Partition bank-events-0 broker=1] Log loaded for partition bank-events-0 with initial high watermark 0 (kafka.cluster.Partition)
[2026-05-21 13:41:12,642] INFO [ReplicaFetcherManager on broker 1] Removed fetcher for partitions Set(bank-transactions-0) (kafka.server.ReplicaFetcherManager)
[2026-05-21 13:41:12,651] INFO [LogLoader partition=bank-transactions-0, dir=/tmp/kraft-combined-logs] Loading producer state till offset 0 with message format version 2 (kafka.log.UnifiedLog$)
[2026-05-21 13:41:12,653] INFO Created log for partition bank-transactions-0 in /tmp/kraft-combined-logs/bank-transactions-0 with properties {} (kafka.log.LogManager)
[2026-05-21 13:41:12,653] INFO [Partition bank-transactions-0 broker=1] No checkpointed highwatermark is found for partition bank-transactions-0 (kafka.cluster.Partition)
[2026-05-21 13:41:12,654] INFO [Partition bank-transactions-0 broker=1] Log loaded for partition bank-transactions-0 with initial high watermark 0 (kafka.cluster.Partition)
